row_type,Filename,model,field,predicted,gold,match,timestamp_utc
detail,synthetic_sample_000,ollama/gemma4:e4b,attorney_in_fact.is_handwritten,true,true,True,2026-09-03T07:59:44.738118+00:00
detail,synthetic_sample_000,ollama/gemma4:e4b,attorney_in_fact.is_handwritten,true,true,True,2026-09-03T08:03:05.470600+00:00
detail,synthetic_sample_000,ollama/gemma4:e4b,attorney_in_fact.is_handwritten,false,false,True,2026-09-03T08:45:08.935478+00:00
detail,synthetic_sample_000,ollama/gemma4:e4b,attorney_in_fact.is_handwritten,,false,False,2026-09-03T09:29:46.254769+00:00
detail,synthetic_sample_000,ollama/gemma4:e4b,attorney_in_fact.is_handwritten,false,false,True,2026-09-03T09:48:04.034565+00:00
detail,synthetic_sample_000,ollama/gemma4:e4b,attorney_in_fact.is_handwritten,false,false,True,2026-09-03T12:00:46.465647+00:00
detail,synthetic_sample_000,ollama/gemma4:e4b,attorney_in_fact.is_handwritten,false,false,True,2026-09-03T12:29:49.493097+00:00
detail,synthetic_sample_000,ollama/gemma4:e4b,attorney_in_fact.is_handwritten,false,false,True,2026-09-03T13:22:22.387164+00:00
detail,synthetic_sample_000,ollama/gemma4:e4b,attorney_in_fact.value,747117992,747117992,True,2026-09-03T07:59:44.738118+00:00
detail,synthetic_sample_000,ollama/gemma4:e4b,attorney_in_fact.value,747117992,747117992,True,2026-09-03T08:03:05.470600+00:00
detail,synthetic_sample_000,ollama/gemma4:e4b,attorney_in_fact.value,660149964,660149964,True,2026-09-03T08:45:08.935478+00:00
detail,synthetic_sample_000,ollama/gemma4:e4b,attorney_in_fact.value,,660149964,False,2026-09-03T09:29:46.254769+00:00
detail,synthetic_sample_000,ollama/gemma4:e4b,attorney_in_fact.value,660149964,660149964,True,2026-09-03T09:48:04.034565+00:00
detail,synthetic_sample_000,ollama/gemma4:e4b,attorney_in_fact.value,660149964,660149964,True,2026-09-03T12:00:46.465647+00:00
detail,synthetic_sample_000,ollama/gemma4:e4b,attorney_in_fact.value,660149964,660149964,True,2026-09-03T12:29:49.493097+00:00
detail,synthetic_sample_000,ollama/gemma4:e4b,attorney_in_fact.value,660149964,660149964,True,2026-09-03T13:22:22.387164+00:00
detail,synthetic_sample_000,ollama/gemma4:e4b,principal.is_handwritten,false,true,False,2026-09-03T07:59:44.738118+00:00
detail,synthetic_sample_000,ollama/gemma4:e4b,principal.is_handwritten,false,true,False,2026-09-03T08:03:05.470600+00:00
detail,synthetic_sample_000,ollama/gemma4:e4b,principal.is_handwritten,false,true,False,2026-09-03T08:45:08.935478+00:00
detail,synthetic_sample_000,ollama/gemma4:e4b,principal.is_handwritten,,true,False,2026-09-03T09:29:46.254769+00:00
detail,synthetic_sample_000,ollama/gemma4:e4b,principal.is_handwritten,true,true,True,2026-09-03T09:48:04.034565+00:00
detail,synthetic_sample_000,ollama/gemma4:e4b,principal.is_handwritten,true,true,True,2026-09-03T12:00:46.465647+00:00
detail,synthetic_sample_000,ollama/gemma4:e4b,principal.is_handwritten,true,true,True,2026-09-03T12:29:49.493097+00:00
detail,synthetic_sample_000,ollama/gemma4:e4b,principal.is_handwritten,true,true,True,2026-09-03T13:22:22.387164+00:00
detail,synthetic_sample_000,ollama/gemma4:e4b,principal.value,058562455,058562455,True,2026-09-03T07:59:44.738118+00:00
detail,synthetic_sample_000,ollama/gemma4:e4b,principal.value,058562455,058562455,True,2026-09-03T08:03:05.470600+00:00
detail,synthetic_sample_000,ollama/gemma4:e4b,principal.value,520027186,520027186,True,2026-09-03T08:45:08.935478+00:00
detail,synthetic_sample_000,ollama/gemma4:e4b,principal.value,,520027186,False,2026-09-03T09:29:46.254769+00:00
detail,synthetic_sample_000,ollama/gemma4:e4b,principal.value,520027186,520027186,True,2026-09-03T09:48:04.034565+00:00
detail,synthetic_sample_000,ollama/gemma4:e4b,principal.value,520027186,520027186,True,2026-09-03T12:00:46.465647+00:00
detail,synthetic_sample_000,ollama/gemma4:e4b,principal.value,520027186,520027186,True,2026-09-03T12:29:49.493097+00:00
detail,synthetic_sample_000,ollama/gemma4:e4b,principal.value,520027186,520027186,True,2026-09-03T13:22:22.387164+00:00
detail,synthetic_sample_001,ollama/gemma4:e4b,attorney_in_fact.is_handwritten,false,false,True,2026-09-03T07:59:44.738118+00:00
detail,synthetic_sample_001,ollama/gemma4:e4b,attorney_in_fact.is_handwritten,false,false,True,2026-09-03T08:03:05.470600+00:00
detail,synthetic_sample_001,ollama/gemma4:e4b,attorney_in_fact.is_handwritten,true,true,True,2026-09-03T08:45:08.935478+00:00
detail,synthetic_sample_001,ollama/gemma4:e4b,attorney_in_fact.is_handwritten,,true,False,2026-09-03T09:29:46.254769+00:00
detail,synthetic_sample_001,ollama/gemma4:e4b,attorney_in_fact.is_handwritten,true,true,True,2026-09-03T09:48:04.034565+00:00
detail,synthetic_sample_001,ollama/gemma4:e4b,attorney_in_fact.is_handwritten,true,true,True,2026-09-03T12:00:46.465647+00:00
detail,synthetic_sample_001,ollama/gemma4:e4b,attorney_in_fact.is_handwritten,true,true,True,2026-09-03T12:29:49.493097+00:00
detail,synthetic_sample_001,ollama/gemma4:e4b,attorney_in_fact.is_handwritten,true,true,True,2026-09-03T13:22:22.387164+00:00
detail,synthetic_sample_001,ollama/gemma4:e4b,attorney_in_fact.value,032173593,032173593,True,2026-09-03T07:59:44.738118+00:00
detail,synthetic_sample_001,ollama/gemma4:e4b,attorney_in_fact.value,032173593,032173593,True,2026-09-03T08:03:05.470600+00:00
detail,synthetic_sample_001,ollama/gemma4:e4b,attorney_in_fact.value,300386810,300386810,True,2026-09-03T08:45:08.935478+00:00
detail,synthetic_sample_001,ollama/gemma4:e4b,attorney_in_fact.value,,300386810,False,2026-09-03T09:29:46.254769+00:00
detail,synthetic_sample_001,ollama/gemma4:e4b,attorney_in_fact.value,300386810,300386810,True,2026-09-03T09:48:04.034565+00:00
detail,synthetic_sample_001,ollama/gemma4:e4b,attorney_in_fact.value,300386810,300386810,True,2026-09-03T12:00:46.465647+00:00
detail,synthetic_sample_001,ollama/gemma4:e4b,attorney_in_fact.value,300386810,300386810,True,2026-09-03T12:29:49.493097+00:00
detail,synthetic_sample_001,ollama/gemma4:e4b,attorney_in_fact.value,300386810,300386810,True,2026-09-03T13:22:22.387164+00:00
detail,synthetic_sample_001,ollama/gemma4:e4b,principal.is_handwritten,true,true,True,2026-09-03T07:59:44.738118+00:00
detail,synthetic_sample_001,ollama/gemma4:e4b,principal.is_handwritten,true,true,True,2026-09-03T08:03:05.470600+00:00
detail,synthetic_sample_001,ollama/gemma4:e4b,principal.is_handwritten,false,false,True,2026-09-03T08:45:08.935478+00:00
detail,synthetic_sample_001,ollama/gemma4:e4b,principal.is_handwritten,,false,False,2026-09-03T09:29:46.254769+00:00
detail,synthetic_sample_001,ollama/gemma4:e4b,principal.is_handwritten,false,false,True,2026-09-03T09:48:04.034565+00:00
detail,synthetic_sample_001,ollama/gemma4:e4b,principal.is_handwritten,false,false,True,2026-09-03T12:00:46.465647+00:00
detail,synthetic_sample_001,ollama/gemma4:e4b,principal.is_handwritten,false,false,True,2026-09-03T12:29:49.493097+00:00
detail,synthetic_sample_001,ollama/gemma4:e4b,principal.is_handwritten,false,false,True,2026-09-03T13:22:22.387164+00:00
detail,synthetic_sample_001,ollama/gemma4:e4b,principal.value,294224134,294224134,True,2026-09-03T07:59:44.738118+00:00
detail,synthetic_sample_001,ollama/gemma4:e4b,principal.value,294224134,294224134,True,2026-09-03T08:03:05.470600+00:00
detail,synthetic_sample_001,ollama/gemma4:e4b,principal.value,033444670,033444670,True,2026-09-03T08:45:08.935478+00:00
detail,synthetic_sample_001,ollama/gemma4:e4b,principal.value,,033444670,False,2026-09-03T09:29:46.254769+00:00
detail,synthetic_sample_001,ollama/gemma4:e4b,principal.value,033444670,033444670,True,2026-09-03T09:48:04.034565+00:00
detail,synthetic_sample_001,ollama/gemma4:e4b,principal.value,033444670,033444670,True,2026-09-03T12:00:46.465647+00:00
detail,synthetic_sample_001,ollama/gemma4:e4b,principal.value,033444670,033444670,True,2026-09-03T12:29:49.493097+00:00
detail,synthetic_sample_001,ollama/gemma4:e4b,principal.value,033444670,033444670,True,2026-09-03T13:22:22.387164+00:00
detail,synthetic_sample_002,ollama/gemma4:e4b,attorney_in_fact.is_handwritten,false,false,True,2026-09-03T07:59:44.738118+00:00
detail,synthetic_sample_002,ollama/gemma4:e4b,attorney_in_fact.is_handwritten,false,false,True,2026-09-03T08:03:05.470600+00:00
detail,synthetic_sample_002,ollama/gemma4:e4b,attorney_in_fact.is_handwritten,true,true,True,2026-09-03T08:45:08.935478+00:00
detail,synthetic_sample_002,ollama/gemma4:e4b,attorney_in_fact.is_handwritten,,true,False,2026-09-03T09:29:46.254769+00:00
detail,synthetic_sample_002,ollama/gemma4:e4b,attorney_in_fact.is_handwritten,true,true,True,2026-09-03T09:48:04.034565+00:00
detail,synthetic_sample_002,ollama/gemma4:e4b,attorney_in_fact.is_handwritten,true,true,True,2026-09-03T12:00:46.465647+00:00
detail,synthetic_sample_002,ollama/gemma4:e4b,attorney_in_fact.is_handwritten,true,true,True,2026-09-03T12:29:49.493097+00:00
detail,synthetic_sample_002,ollama/gemma4:e4b,attorney_in_fact.is_handwritten,true,true,True,2026-09-03T13:22:22.387164+00:00
detail,synthetic_sample_002,ollama/gemma4:e4b,attorney_in_fact.value,952093722,952093722,True,2026-09-03T07:59:44.738118+00:00
detail,synthetic_sample_002,ollama/gemma4:e4b,attorney_in_fact.value,952093722,952093722,True,2026-09-03T08:03:05.470600+00:00
detail,synthetic_sample_002,ollama/gemma4:e4b,attorney_in_fact.value,119955367,119955367,True,2026-09-03T08:45:08.935478+00:00
detail,synthetic_sample_002,ollama/gemma4:e4b,attorney_in_fact.value,,119955367,False,2026-09-03T09:29:46.254769+00:00
detail,synthetic_sample_002,ollama/gemma4:e4b,attorney_in_fact.value,119955367,119955367,True,2026-09-03T09:48:04.034565+00:00
detail,synthetic_sample_002,ollama/gemma4:e4b,attorney_in_fact.value,119955367,119955367,True,2026-09-03T12:00:46.465647+00:00
detail,synthetic_sample_002,ollama/gemma4:e4b,attorney_in_fact.value,119955367,119955367,True,2026-09-03T12:29:49.493097+00:00
detail,synthetic_sample_002,ollama/gemma4:e4b,attorney_in_fact.value,119955367,119955367,True,2026-09-03T13:22:22.387164+00:00
detail,synthetic_sample_002,ollama/gemma4:e4b,principal.is_handwritten,false,true,False,2026-09-03T07:59:44.738118+00:00
detail,synthetic_sample_002,ollama/gemma4:e4b,principal.is_handwritten,false,true,False,2026-09-03T08:03:05.470600+00:00
detail,synthetic_sample_002,ollama/gemma4:e4b,principal.is_handwritten,false,true,False,2026-09-03T08:45:08.935478+00:00
detail,synthetic_sample_002,ollama/gemma4:e4b,principal.is_handwritten,,true,False,2026-09-03T09:29:46.254769+00:00
detail,synthetic_sample_002,ollama/gemma4:e4b,principal.is_handwritten,true,true,True,2026-09-03T09:48:04.034565+00:00
detail,synthetic_sample_002,ollama/gemma4:e4b,principal.is_handwritten,true,true,True,2026-09-03T12:00:46.465647+00:00
detail,synthetic_sample_002,ollama/gemma4:e4b,principal.is_handwritten,true,true,True,2026-09-03T12:29:49.493097+00:00
detail,synthetic_sample_002,ollama/gemma4:e4b,principal.is_handwritten,true,true,True,2026-09-03T13:22:22.387164+00:00
detail,synthetic_sample_002,ollama/gemma4:e4b,principal.value,094444015,094444015,True,2026-09-03T07:59:44.738118+00:00
detail,synthetic_sample_002,ollama/gemma4:e4b,principal.value,094444015,094444015,True,2026-09-03T08:03:05.470600+00:00
detail,synthetic_sample_002,ollama/gemma4:e4b,principal.value,730556255,730556255,True,2026-09-03T08:45:08.935478+00:00
detail,synthetic_sample_002,ollama/gemma4:e4b,principal.value,,730556255,False,2026-09-03T09:29:46.254769+00:00
detail,synthetic_sample_002,ollama/gemma4:e4b,principal.value,730556255,730556255,True,2026-09-03T09:48:04.034565+00:00
detail,synthetic_sample_002,ollama/gemma4:e4b,principal.value,730556255,730556255,True,2026-09-03T12:00:46.465647+00:00
detail,synthetic_sample_002,ollama/gemma4:e4b,principal.value,730556255,730556255,True,2026-09-03T12:29:49.493097+00:00
detail,synthetic_sample_002,ollama/gemma4:e4b,principal.value,730556255,730556255,True,2026-09-03T13:22:22.387164+00:00
detail,synthetic_sample_003,ollama/gemma4:e4b,attorney_in_fact.is_handwritten,false,false,True,2026-09-03T07:59:44.738118+00:00
detail,synthetic_sample_003,ollama/gemma4:e4b,attorney_in_fact.is_handwritten,false,false,True,2026-09-03T08:03:05.470600+00:00
detail,synthetic_sample_003,ollama/gemma4:e4b,attorney_in_fact.is_handwritten,false,false,True,2026-09-03T08:45:08.935478+00:00
detail,synthetic_sample_003,ollama/gemma4:e4b,attorney_in_fact.is_handwritten,,false,False,2026-09-03T09:29:46.254769+00:00
detail,synthetic_sample_003,ollama/gemma4:e4b,attorney_in_fact.is_handwritten,false,false,True,2026-09-03T09:48:04.034565+00:00
detail,synthetic_sample_003,ollama/gemma4:e4b,attorney_in_fact.is_handwritten,false,false,True,2026-09-03T12:00:46.465647+00:00
detail,synthetic_sample_003,ollama/gemma4:e4b,attorney_in_fact.is_handwritten,false,false,True,2026-09-03T12:29:49.493097+00:00
detail,synthetic_sample_003,ollama/gemma4:e4b,attorney_in_fact.is_handwritten,false,false,True,2026-09-03T13:22:22.387164+00:00
detail,synthetic_sample_003,ollama/gemma4:e4b,attorney_in_fact.value,398977769,398977769,True,2026-09-03T07:59:44.738118+00:00
detail,synthetic_sample_003,ollama/gemma4:e4b,attorney_in_fact.value,398977769,398977769,True,2026-09-03T08:03:05.470600+00:00
detail,synthetic_sample_003,ollama/gemma4:e4b,attorney_in_fact.value,875833949,875833949,True,2026-09-03T08:45:08.935478+00:00
detail,synthetic_sample_003,ollama/gemma4:e4b,attorney_in_fact.value,,875833949,False,2026-09-03T09:29:46.254769+00:00
detail,synthetic_sample_003,ollama/gemma4:e4b,attorney_in_fact.value,875833949,875833949,True,2026-09-03T09:48:04.034565+00:00
detail,synthetic_sample_003,ollama/gemma4:e4b,attorney_in_fact.value,875833949,875833949,True,2026-09-03T12:00:46.465647+00:00
detail,synthetic_sample_003,ollama/gemma4:e4b,attorney_in_fact.value,875833949,875833949,True,2026-09-03T12:29:49.493097+00:00
detail,synthetic_sample_003,ollama/gemma4:e4b,attorney_in_fact.value,875833949,875833949,True,2026-09-03T13:22:22.387164+00:00
detail,synthetic_sample_003,ollama/gemma4:e4b,principal.is_handwritten,false,false,True,2026-09-03T07:59:44.738118+00:00
detail,synthetic_sample_003,ollama/gemma4:e4b,principal.is_handwritten,false,false,True,2026-09-03T08:03:05.470600+00:00
detail,synthetic_sample_003,ollama/gemma4:e4b,principal.is_handwritten,false,true,False,2026-09-03T08:45:08.935478+00:00
detail,synthetic_sample_003,ollama/gemma4:e4b,principal.is_handwritten,,true,False,2026-09-03T09:29:46.254769+00:00
detail,synthetic_sample_003,ollama/gemma4:e4b,principal.is_handwritten,true,true,True,2026-09-03T09:48:04.034565+00:00
detail,synthetic_sample_003,ollama/gemma4:e4b,principal.is_handwritten,true,true,True,2026-09-03T12:00:46.465647+00:00
detail,synthetic_sample_003,ollama/gemma4:e4b,principal.is_handwritten,true,true,True,2026-09-03T12:29:49.493097+00:00
detail,synthetic_sample_003,ollama/gemma4:e4b,principal.is_handwritten,true,true,True,2026-09-03T13:22:22.387164+00:00
detail,synthetic_sample_003,ollama/gemma4:e4b,principal.value,017804691,017804691,True,2026-09-03T07:59:44.738118+00:00
detail,synthetic_sample_003,ollama/gemma4:e4b,principal.value,017804691,017804691,True,2026-09-03T08:03:05.470600+00:00
detail,synthetic_sample_003,ollama/gemma4:e4b,principal.value,826129645,826129645,True,2026-09-03T08:45:08.935478+00:00
detail,synthetic_sample_003,ollama/gemma4:e4b,principal.value,,826129645,False,2026-09-03T09:29:46.254769+00:00
detail,synthetic_sample_003,ollama/gemma4:e4b,principal.value,826129645,826129645,True,2026-09-03T09:48:04.034565+00:00
detail,synthetic_sample_003,ollama/gemma4:e4b,principal.value,826129645,826129645,True,2026-09-03T12:00:46.465647+00:00
detail,synthetic_sample_003,ollama/gemma4:e4b,principal.value,826129645,826129645,True,2026-09-03T12:29:49.493097+00:00
detail,synthetic_sample_003,ollama/gemma4:e4b,principal.value,826129645,826129645,True,2026-09-03T13:22:22.387164+00:00
detail,synthetic_sample_004,ollama/gemma4:e4b,attorney_in_fact.is_handwritten,true,true,True,2026-09-03T07:59:44.738118+00:00
detail,synthetic_sample_004,ollama/gemma4:e4b,attorney_in_fact.is_handwritten,true,true,True,2026-09-03T08:03:05.470600+00:00
detail,synthetic_sample_004,ollama/gemma4:e4b,attorney_in_fact.is_handwritten,true,true,True,2026-09-03T08:45:08.935478+00:00
detail,synthetic_sample_004,ollama/gemma4:e4b,attorney_in_fact.is_handwritten,,true,False,2026-09-03T09:29:46.254769+00:00
detail,synthetic_sample_004,ollama/gemma4:e4b,attorney_in_fact.is_handwritten,true,true,True,2026-09-03T09:48:04.034565+00:00
detail,synthetic_sample_004,ollama/gemma4:e4b,attorney_in_fact.is_handwritten,true,true,True,2026-09-03T12:00:46.465647+00:00
detail,synthetic_sample_004,ollama/gemma4:e4b,attorney_in_fact.is_handwritten,true,true,True,2026-09-03T12:29:49.493097+00:00
detail,synthetic_sample_004,ollama/gemma4:e4b,attorney_in_fact.is_handwritten,true,true,True,2026-09-03T13:22:22.387164+00:00
detail,synthetic_sample_004,ollama/gemma4:e4b,attorney_in_fact.value,544774540,544774540,True,2026-09-03T07:59:44.738118+00:00
detail,synthetic_sample_004,ollama/gemma4:e4b,attorney_in_fact.value,544774540,544774540,True,2026-09-03T08:03:05.470600+00:00
detail,synthetic_sample_004,ollama/gemma4:e4b,attorney_in_fact.value,049448145,049448145,True,2026-09-03T08:45:08.935478+00:00
detail,synthetic_sample_004,ollama/gemma4:e4b,attorney_in_fact.value,,049448145,False,2026-09-03T09:29:46.254769+00:00
detail,synthetic_sample_004,ollama/gemma4:e4b,attorney_in_fact.value,049448145,049448145,True,2026-09-03T09:48:04.034565+00:00
detail,synthetic_sample_004,ollama/gemma4:e4b,attorney_in_fact.value,049448145,049448145,True,2026-09-03T12:00:46.465647+00:00
detail,synthetic_sample_004,ollama/gemma4:e4b,attorney_in_fact.value,049448145,049448145,True,2026-09-03T12:29:49.493097+00:00
detail,synthetic_sample_004,ollama/gemma4:e4b,attorney_in_fact.value,049448145,049448145,True,2026-09-03T13:22:22.387164+00:00
detail,synthetic_sample_004,ollama/gemma4:e4b,principal.is_handwritten,true,true,True,2026-09-03T07:59:44.738118+00:00
detail,synthetic_sample_004,ollama/gemma4:e4b,principal.is_handwritten,true,true,True,2026-09-03T08:03:05.470600+00:00
detail,synthetic_sample_004,ollama/gemma4:e4b,principal.is_handwritten,false,true,False,2026-09-03T08:45:08.935478+00:00
detail,synthetic_sample_004,ollama/gemma4:e4b,principal.is_handwritten,,true,False,2026-09-03T09:29:46.254769+00:00
detail,synthetic_sample_004,ollama/gemma4:e4b,principal.is_handwritten,true,true,True,2026-09-03T09:48:04.034565+00:00
detail,synthetic_sample_004,ollama/gemma4:e4b,principal.is_handwritten,true,true,True,2026-09-03T12:00:46.465647+00:00
detail,synthetic_sample_004,ollama/gemma4:e4b,principal.is_handwritten,true,true,True,2026-09-03T12:29:49.493097+00:00
detail,synthetic_sample_004,ollama/gemma4:e4b,principal.is_handwritten,true,true,True,2026-09-03T13:22:22.387164+00:00
detail,synthetic_sample_004,ollama/gemma4:e4b,principal.value,042767780,042767780,True,2026-09-03T07:59:44.738118+00:00
detail,synthetic_sample_004,ollama/gemma4:e4b,principal.value,042767780,042767780,True,2026-09-03T08:03:05.470600+00:00
detail,synthetic_sample_004,ollama/gemma4:e4b,principal.value,084967355,084967355,True,2026-09-03T08:45:08.935478+00:00
detail,synthetic_sample_004,ollama/gemma4:e4b,principal.value,,084967355,False,2026-09-03T09:29:46.254769+00:00
detail,synthetic_sample_004,ollama/gemma4:e4b,principal.value,084967355,084967355,True,2026-09-03T09:48:04.034565+00:00
detail,synthetic_sample_004,ollama/gemma4:e4b,principal.value,084967355,084967355,True,2026-09-03T12:00:46.465647+00:00
detail,synthetic_sample_004,ollama/gemma4:e4b,principal.value,084967355,084967355,True,2026-09-03T12:29:49.493097+00:00
detail,synthetic_sample_004,ollama/gemma4:e4b,principal.value,084967355,084967355,True,2026-09-03T13:22:22.387164+00:00
detail,synthetic_sample_005,ollama/gemma4:e4b,attorney_in_fact.is_handwritten,true,true,True,2026-09-03T07:59:44.738118+00:00
detail,synthetic_sample_005,ollama/gemma4:e4b,attorney_in_fact.is_handwritten,true,true,True,2026-09-03T08:03:05.470600+00:00
detail,synthetic_sample_005,ollama/gemma4:e4b,attorney_in_fact.is_handwritten,true,true,True,2026-09-03T08:45:08.935478+00:00
detail,synthetic_sample_005,ollama/gemma4:e4b,attorney_in_fact.is_handwritten,,true,False,2026-09-03T09:29:46.254769+00:00
detail,synthetic_sample_005,ollama/gemma4:e4b,attorney_in_fact.is_handwritten,true,true,True,2026-09-03T09:48:04.034565+00:00
detail,synthetic_sample_005,ollama/gemma4:e4b,attorney_in_fact.is_handwritten,true,true,True,2026-09-03T12:00:46.465647+00:00
detail,synthetic_sample_005,ollama/gemma4:e4b,attorney_in_fact.is_handwritten,true,true,True,2026-09-03T12:29:49.493097+00:00
detail,synthetic_sample_005,ollama/gemma4:e4b,attorney_in_fact.is_handwritten,true,true,True,2026-09-03T13:22:22.387164+00:00
detail,synthetic_sample_005,ollama/gemma4:e4b,attorney_in_fact.value,790990436,790990436,True,2026-09-03T07:59:44.738118+00:00
detail,synthetic_sample_005,ollama/gemma4:e4b,attorney_in_fact.value,790990436,790990436,True,2026-09-03T08:03:05.470600+00:00
detail,synthetic_sample_005,ollama/gemma4:e4b,attorney_in_fact.value,497512442,497512442,True,2026-09-03T08:45:08.935478+00:00
detail,synthetic_sample_005,ollama/gemma4:e4b,attorney_in_fact.value,,497512442,False,2026-09-03T09:29:46.254769+00:00
detail,synthetic_sample_005,ollama/gemma4:e4b,attorney_in_fact.value,497512442,497512442,True,2026-09-03T09:48:04.034565+00:00
detail,synthetic_sample_005,ollama/gemma4:e4b,attorney_in_fact.value,497512442,497512442,True,2026-09-03T12:00:46.465647+00:00
detail,synthetic_sample_005,ollama/gemma4:e4b,attorney_in_fact.value,497512442,497512442,True,2026-09-03T12:29:49.493097+00:00
detail,synthetic_sample_005,ollama/gemma4:e4b,attorney_in_fact.value,497512442,497512442,True,2026-09-03T13:22:22.387164+00:00
detail,synthetic_sample_005,ollama/gemma4:e4b,principal.is_handwritten,false,true,False,2026-09-03T07:59:44.738118+00:00
detail,synthetic_sample_005,ollama/gemma4:e4b,principal.is_handwritten,false,true,False,2026-09-03T08:03:05.470600+00:00
detail,synthetic_sample_005,ollama/gemma4:e4b,principal.is_handwritten,false,false,True,2026-09-03T08:45:08.935478+00:00
detail,synthetic_sample_005,ollama/gemma4:e4b,principal.is_handwritten,,false,False,2026-09-03T09:29:46.254769+00:00
detail,synthetic_sample_005,ollama/gemma4:e4b,principal.is_handwritten,false,false,True,2026-09-03T09:48:04.034565+00:00
detail,synthetic_sample_005,ollama/gemma4:e4b,principal.is_handwritten,false,false,True,2026-09-03T12:00:46.465647+00:00
detail,synthetic_sample_005,ollama/gemma4:e4b,principal.is_handwritten,false,false,True,2026-09-03T12:29:49.493097+00:00
detail,synthetic_sample_005,ollama/gemma4:e4b,principal.is_handwritten,false,false,True,2026-09-03T13:22:22.387164+00:00
detail,synthetic_sample_005,ollama/gemma4:e4b,principal.value,680264975,680264975,True,2026-09-03T07:59:44.738118+00:00
detail,synthetic_sample_005,ollama/gemma4:e4b,principal.value,680264975,680264975,True,2026-09-03T08:03:05.470600+00:00
detail,synthetic_sample_005,ollama/gemma4:e4b,principal.value,299804799,299804799,True,2026-09-03T08:45:08.935478+00:00
detail,synthetic_sample_005,ollama/gemma4:e4b,principal.value,,299804799,False,2026-09-03T09:29:46.254769+00:00
detail,synthetic_sample_005,ollama/gemma4:e4b,principal.value,299804799,299804799,True,2026-09-03T09:48:04.034565+00:00
detail,synthetic_sample_005,ollama/gemma4:e4b,principal.value,299804799,299804799,True,2026-09-03T12:00:46.465647+00:00
detail,synthetic_sample_005,ollama/gemma4:e4b,principal.value,299804799,299804799,True,2026-09-03T12:29:49.493097+00:00
detail,synthetic_sample_005,ollama/gemma4:e4b,principal.value,299804799,299804799,True,2026-09-03T13:22:22.387164+00:00
detail,synthetic_sample_006,ollama/gemma4:e4b,attorney_in_fact.is_handwritten,true,true,True,2026-09-03T07:59:44.738118+00:00
detail,synthetic_sample_006,ollama/gemma4:e4b,attorney_in_fact.is_handwritten,true,true,True,2026-09-03T08:03:05.470600+00:00
detail,synthetic_sample_006,ollama/gemma4:e4b,attorney_in_fact.is_handwritten,true,true,True,2026-09-03T08:45:08.935478+00:00
detail,synthetic_sample_006,ollama/gemma4:e4b,attorney_in_fact.is_handwritten,,true,False,2026-09-03T09:29:46.254769+00:00
detail,synthetic_sample_006,ollama/gemma4:e4b,attorney_in_fact.is_handwritten,true,true,True,2026-09-03T09:48:04.034565+00:00
detail,synthetic_sample_006,ollama/gemma4:e4b,attorney_in_fact.is_handwritten,true,true,True,2026-09-03T12:00:46.465647+00:00
detail,synthetic_sample_006,ollama/gemma4:e4b,attorney_in_fact.is_handwritten,true,true,True,2026-09-03T12:29:49.493097+00:00
detail,synthetic_sample_006,ollama/gemma4:e4b,attorney_in_fact.is_handwritten,true,true,True,2026-09-03T13:22:22.387164+00:00
detail,synthetic_sample_006,ollama/gemma4:e4b,attorney_in_fact.value,769516147,769516147,True,2026-09-03T07:59:44.738118+00:00
detail,synthetic_sample_006,ollama/gemma4:e4b,attorney_in_fact.value,769516147,769516147,True,2026-09-03T08:03:05.470600+00:00
detail,synthetic_sample_006,ollama/gemma4:e4b,attorney_in_fact.value,978087039,978087039,True,2026-09-03T08:45:08.935478+00:00
detail,synthetic_sample_006,ollama/gemma4:e4b,attorney_in_fact.value,,978087039,False,2026-09-03T09:29:46.254769+00:00
detail,synthetic_sample_006,ollama/gemma4:e4b,attorney_in_fact.value,978087039,978087039,True,2026-09-03T09:48:04.034565+00:00
detail,synthetic_sample_006,ollama/gemma4:e4b,attorney_in_fact.value,978087039,978087039,True,2026-09-03T12:00:46.465647+00:00
detail,synthetic_sample_006,ollama/gemma4:e4b,attorney_in_fact.value,978087039,978087039,True,2026-09-03T12:29:49.493097+00:00
detail,synthetic_sample_006,ollama/gemma4:e4b,attorney_in_fact.value,978087039,978087039,True,2026-09-03T13:22:22.387164+00:00
detail,synthetic_sample_006,ollama/gemma4:e4b,principal.is_handwritten,false,false,True,2026-09-03T07:59:44.738118+00:00
detail,synthetic_sample_006,ollama/gemma4:e4b,principal.is_handwritten,false,false,True,2026-09-03T08:03:05.470600+00:00
detail,synthetic_sample_006,ollama/gemma4:e4b,principal.is_handwritten,,false,False,2026-09-03T08:45:08.935478+00:00
detail,synthetic_sample_006,ollama/gemma4:e4b,principal.is_handwritten,,false,False,2026-09-03T09:29:46.254769+00:00
detail,synthetic_sample_006,ollama/gemma4:e4b,principal.is_handwritten,,false,False,2026-09-03T09:48:04.034565+00:00
detail,synthetic_sample_006,ollama/gemma4:e4b,principal.is_handwritten,,false,False,2026-09-03T12:00:46.465647+00:00
detail,synthetic_sample_006,ollama/gemma4:e4b,principal.is_handwritten,,false,False,2026-09-03T12:29:49.493097+00:00
detail,synthetic_sample_006,ollama/gemma4:e4b,principal.is_handwritten,,false,False,2026-09-03T13:22:22.387164+00:00
detail,synthetic_sample_006,ollama/gemma4:e4b,principal.value,051631356,051631356,True,2026-09-03T07:59:44.738118+00:00
detail,synthetic_sample_006,ollama/gemma4:e4b,principal.value,051631356,051631356,True,2026-09-03T08:03:05.470600+00:00
detail,synthetic_sample_006,ollama/gemma4:e4b,principal.value,,296204274,False,2026-09-03T08:45:08.935478+00:00
detail,synthetic_sample_006,ollama/gemma4:e4b,principal.value,,296204274,False,2026-09-03T09:29:46.254769+00:00
detail,synthetic_sample_006,ollama/gemma4:e4b,principal.value,,296204274,False,2026-09-03T09:48:04.034565+00:00
detail,synthetic_sample_006,ollama/gemma4:e4b,principal.value,,296204274,False,2026-09-03T12:00:46.465647+00:00
detail,synthetic_sample_006,ollama/gemma4:e4b,principal.value,,296204274,False,2026-09-03T12:29:49.493097+00:00
detail,synthetic_sample_006,ollama/gemma4:e4b,principal.value,,296204274,False,2026-09-03T13:22:22.387164+00:00
detail,synthetic_sample_007,ollama/gemma4:e4b,attorney_in_fact.is_handwritten,true,true,True,2026-09-03T07:59:44.738118+00:00
detail,synthetic_sample_007,ollama/gemma4:e4b,attorney_in_fact.is_handwritten,true,true,True,2026-09-03T08:03:05.470600+00:00
detail,synthetic_sample_007,ollama/gemma4:e4b,attorney_in_fact.is_handwritten,false,false,True,2026-09-03T08:45:08.935478+00:00
detail,synthetic_sample_007,ollama/gemma4:e4b,attorney_in_fact.is_handwritten,,false,False,2026-09-03T09:29:46.254769+00:00
detail,synthetic_sample_007,ollama/gemma4:e4b,attorney_in_fact.is_handwritten,false,false,True,2026-09-03T09:48:04.034565+00:00
detail,synthetic_sample_007,ollama/gemma4:e4b,attorney_in_fact.is_handwritten,false,false,True,2026-09-03T12:00:46.465647+00:00
detail,synthetic_sample_007,ollama/gemma4:e4b,attorney_in_fact.is_handwritten,false,false,True,2026-09-03T12:29:49.493097+00:00
detail,synthetic_sample_007,ollama/gemma4:e4b,attorney_in_fact.is_handwritten,false,false,True,2026-09-03T13:22:22.387164+00:00
detail,synthetic_sample_007,ollama/gemma4:e4b,attorney_in_fact.value,701892416,701892416,True,2026-09-03T07:59:44.738118+00:00
detail,synthetic_sample_007,ollama/gemma4:e4b,attorney_in_fact.value,701892416,701892416,True,2026-09-03T08:03:05.470600+00:00
detail,synthetic_sample_007,ollama/gemma4:e4b,attorney_in_fact.value,975195629,975195629,True,2026-09-03T08:45:08.935478+00:00
detail,synthetic_sample_007,ollama/gemma4:e4b,attorney_in_fact.value,,975195629,False,2026-09-03T09:29:46.254769+00:00
detail,synthetic_sample_007,ollama/gemma4:e4b,attorney_in_fact.value,975195629,975195629,True,2026-09-03T09:48:04.034565+00:00
detail,synthetic_sample_007,ollama/gemma4:e4b,attorney_in_fact.value,975195629,975195629,True,2026-09-03T12:00:46.465647+00:00
detail,synthetic_sample_007,ollama/gemma4:e4b,attorney_in_fact.value,975195629,975195629,True,2026-09-03T12:29:49.493097+00:00
detail,synthetic_sample_007,ollama/gemma4:e4b,attorney_in_fact.value,975195629,975195629,True,2026-09-03T13:22:22.387164+00:00
detail,synthetic_sample_007,ollama/gemma4:e4b,principal.is_handwritten,false,false,True,2026-09-03T07:59:44.738118+00:00
detail,synthetic_sample_007,ollama/gemma4:e4b,principal.is_handwritten,false,false,True,2026-09-03T08:03:05.470600+00:00
detail,synthetic_sample_007,ollama/gemma4:e4b,principal.is_handwritten,false,true,False,2026-09-03T08:45:08.935478+00:00
detail,synthetic_sample_007,ollama/gemma4:e4b,principal.is_handwritten,,true,False,2026-09-03T09:29:46.254769+00:00
detail,synthetic_sample_007,ollama/gemma4:e4b,principal.is_handwritten,true,true,True,2026-09-03T09:48:04.034565+00:00
detail,synthetic_sample_007,ollama/gemma4:e4b,principal.is_handwritten,true,true,True,2026-09-03T12:00:46.465647+00:00
detail,synthetic_sample_007,ollama/gemma4:e4b,principal.is_handwritten,true,true,True,2026-09-03T12:29:49.493097+00:00
detail,synthetic_sample_007,ollama/gemma4:e4b,principal.is_handwritten,true,true,True,2026-09-03T13:22:22.387164+00:00
detail,synthetic_sample_007,ollama/gemma4:e4b,principal.value,343542023,343542023,True,2026-09-03T07:59:44.738118+00:00
detail,synthetic_sample_007,ollama/gemma4:e4b,principal.value,343542023,343542023,True,2026-09-03T08:03:05.470600+00:00
detail,synthetic_sample_007,ollama/gemma4:e4b,principal.value,073090938,073090938,True,2026-09-03T08:45:08.935478+00:00
detail,synthetic_sample_007,ollama/gemma4:e4b,principal.value,,073090938,False,2026-09-03T09:29:46.254769+00:00
detail,synthetic_sample_007,ollama/gemma4:e4b,principal.value,073090938,073090938,True,2026-09-03T09:48:04.034565+00:00
detail,synthetic_sample_007,ollama/gemma4:e4b,principal.value,073090938,073090938,True,2026-09-03T12:00:46.465647+00:00
detail,synthetic_sample_007,ollama/gemma4:e4b,principal.value,073090938,073090938,True,2026-09-03T12:29:49.493097+00:00
detail,synthetic_sample_007,ollama/gemma4:e4b,principal.value,073090938,073090938,True,2026-09-03T13:22:22.387164+00:00
detail,synthetic_sample_008,ollama/gemma4:e4b,attorney_in_fact.is_handwritten,false,false,True,2026-09-03T07:59:44.738118+00:00
detail,synthetic_sample_008,ollama/gemma4:e4b,attorney_in_fact.is_handwritten,false,false,True,2026-09-03T08:03:05.470600+00:00
detail,synthetic_sample_008,ollama/gemma4:e4b,attorney_in_fact.is_handwritten,true,true,True,2026-09-03T08:45:08.935478+00:00
detail,synthetic_sample_008,ollama/gemma4:e4b,attorney_in_fact.is_handwritten,,true,False,2026-09-03T09:29:46.254769+00:00
detail,synthetic_sample_008,ollama/gemma4:e4b,attorney_in_fact.is_handwritten,true,true,True,2026-09-03T09:48:04.034565+00:00
detail,synthetic_sample_008,ollama/gemma4:e4b,attorney_in_fact.is_handwritten,true,true,True,2026-09-03T12:00:46.465647+00:00
detail,synthetic_sample_008,ollama/gemma4:e4b,attorney_in_fact.is_handwritten,true,true,True,2026-09-03T12:29:49.493097+00:00
detail,synthetic_sample_008,ollama/gemma4:e4b,attorney_in_fact.is_handwritten,true,true,True,2026-09-03T13:22:22.387164+00:00
detail,synthetic_sample_008,ollama/gemma4:e4b,attorney_in_fact.value,264642760,264642760,True,2026-09-03T07:59:44.738118+00:00
detail,synthetic_sample_008,ollama/gemma4:e4b,attorney_in_fact.value,264642760,264642760,True,2026-09-03T08:03:05.470600+00:00
detail,synthetic_sample_008,ollama/gemma4:e4b,attorney_in_fact.value,586747644,586747644,True,2026-09-03T08:45:08.935478+00:00
detail,synthetic_sample_008,ollama/gemma4:e4b,attorney_in_fact.value,,586747644,False,2026-09-03T09:29:46.254769+00:00
detail,synthetic_sample_008,ollama/gemma4:e4b,attorney_in_fact.value,586747644,586747644,True,2026-09-03T09:48:04.034565+00:00
detail,synthetic_sample_008,ollama/gemma4:e4b,attorney_in_fact.value,586747644,586747644,True,2026-09-03T12:00:46.465647+00:00
detail,synthetic_sample_008,ollama/gemma4:e4b,attorney_in_fact.value,586747644,586747644,True,2026-09-03T12:29:49.493097+00:00
detail,synthetic_sample_008,ollama/gemma4:e4b,attorney_in_fact.value,586747644,586747644,True,2026-09-03T13:22:22.387164+00:00
detail,synthetic_sample_008,ollama/gemma4:e4b,principal.is_handwritten,false,false,True,2026-09-03T07:59:44.738118+00:00
detail,synthetic_sample_008,ollama/gemma4:e4b,principal.is_handwritten,false,false,True,2026-09-03T08:03:05.470600+00:00
detail,synthetic_sample_008,ollama/gemma4:e4b,principal.is_handwritten,false,,False,2026-09-03T08:45:08.935478+00:00
detail,synthetic_sample_008,ollama/gemma4:e4b,principal.is_handwritten,,,True,2026-09-03T09:29:46.254769+00:00
detail,synthetic_sample_008,ollama/gemma4:e4b,principal.is_handwritten,false,,False,2026-09-03T09:48:04.034565+00:00
detail,synthetic_sample_008,ollama/gemma4:e4b,principal.is_handwritten,false,,False,2026-09-03T12:00:46.465647+00:00
detail,synthetic_sample_008,ollama/gemma4:e4b,principal.is_handwritten,false,,False,2026-09-03T12:29:49.493097+00:00
detail,synthetic_sample_008,ollama/gemma4:e4b,principal.is_handwritten,false,,False,2026-09-03T13:22:22.387164+00:00
detail,synthetic_sample_008,ollama/gemma4:e4b,principal.value,657299657,657299657,True,2026-09-03T07:59:44.738118+00:00
detail,synthetic_sample_008,ollama/gemma4:e4b,principal.value,657299657,657299657,True,2026-09-03T08:03:05.470600+00:00
detail,synthetic_sample_008,ollama/gemma4:e4b,principal.value,,,True,2026-09-03T08:45:08.935478+00:00
detail,synthetic_sample_008,ollama/gemma4:e4b,principal.value,,,True,2026-09-03T09:29:46.254769+00:00
detail,synthetic_sample_008,ollama/gemma4:e4b,principal.value,,,True,2026-09-03T09:48:04.034565+00:00
detail,synthetic_sample_008,ollama/gemma4:e4b,principal.value,,,True,2026-09-03T12:00:46.465647+00:00
detail,synthetic_sample_008,ollama/gemma4:e4b,principal.value,,,True,2026-09-03T12:29:49.493097+00:00
detail,synthetic_sample_008,ollama/gemma4:e4b,principal.value,,,True,2026-09-03T13:22:22.387164+00:00
detail,synthetic_sample_009,ollama/gemma4:e4b,attorney_in_fact.is_handwritten,false,false,True,2026-09-03T07:59:44.738118+00:00
detail,synthetic_sample_009,ollama/gemma4:e4b,attorney_in_fact.is_handwritten,false,false,True,2026-09-03T08:03:05.470600+00:00
detail,synthetic_sample_009,ollama/gemma4:e4b,attorney_in_fact.is_handwritten,true,true,True,2026-09-03T08:45:08.935478+00:00
detail,synthetic_sample_009,ollama/gemma4:e4b,attorney_in_fact.is_handwritten,,true,False,2026-09-03T09:29:46.254769+00:00
detail,synthetic_sample_009,ollama/gemma4:e4b,attorney_in_fact.is_handwritten,true,true,True,2026-09-03T09:48:04.034565+00:00
detail,synthetic_sample_009,ollama/gemma4:e4b,attorney_in_fact.is_handwritten,true,true,True,2026-09-03T12:00:46.465647+00:00
detail,synthetic_sample_009,ollama/gemma4:e4b,attorney_in_fact.is_handwritten,true,true,True,2026-09-03T12:29:49.493097+00:00
detail,synthetic_sample_009,ollama/gemma4:e4b,attorney_in_fact.is_handwritten,true,true,True,2026-09-03T13:22:22.387164+00:00
detail,synthetic_sample_009,ollama/gemma4:e4b,attorney_in_fact.value,708816004,708816004,True,2026-09-03T07:59:44.738118+00:00
detail,synthetic_sample_009,ollama/gemma4:e4b,attorney_in_fact.value,708816004,708816004,True,2026-09-03T08:03:05.470600+00:00
detail,synthetic_sample_009,ollama/gemma4:e4b,attorney_in_fact.value,630562635,630562635,True,2026-09-03T08:45:08.935478+00:00
detail,synthetic_sample_009,ollama/gemma4:e4b,attorney_in_fact.value,,630562635,False,2026-09-03T09:29:46.254769+00:00
detail,synthetic_sample_009,ollama/gemma4:e4b,attorney_in_fact.value,630562635,630562635,True,2026-09-03T09:48:04.034565+00:00
detail,synthetic_sample_009,ollama/gemma4:e4b,attorney_in_fact.value,630562635,630562635,True,2026-09-03T12:00:46.465647+00:00
detail,synthetic_sample_009,ollama/gemma4:e4b,attorney_in_fact.value,630562635,630562635,True,2026-09-03T12:29:49.493097+00:00
detail,synthetic_sample_009,ollama/gemma4:e4b,attorney_in_fact.value,630562635,630562635,True,2026-09-03T13:22:22.387164+00:00
detail,synthetic_sample_009,ollama/gemma4:e4b,principal.is_handwritten,true,true,True,2026-09-03T07:59:44.738118+00:00
detail,synthetic_sample_009,ollama/gemma4:e4b,principal.is_handwritten,true,true,True,2026-09-03T08:03:05.470600+00:00
detail,synthetic_sample_009,ollama/gemma4:e4b,principal.is_handwritten,false,false,True,2026-09-03T08:45:08.935478+00:00
detail,synthetic_sample_009,ollama/gemma4:e4b,principal.is_handwritten,,false,False,2026-09-03T09:29:46.254769+00:00
detail,synthetic_sample_009,ollama/gemma4:e4b,principal.is_handwritten,false,false,True,2026-09-03T09:48:04.034565+00:00
detail,synthetic_sample_009,ollama/gemma4:e4b,principal.is_handwritten,false,false,True,2026-09-03T12:00:46.465647+00:00
detail,synthetic_sample_009,ollama/gemma4:e4b,principal.is_handwritten,false,false,True,2026-09-03T12:29:49.493097+00:00
detail,synthetic_sample_009,ollama/gemma4:e4b,principal.is_handwritten,false,false,True,2026-09-03T13:22:22.387164+00:00
detail,synthetic_sample_009,ollama/gemma4:e4b,principal.value,002351567,002351567,True,2026-09-03T07:59:44.738118+00:00
detail,synthetic_sample_009,ollama/gemma4:e4b,principal.value,002351567,002351567,True,2026-09-03T08:03:05.470600+00:00
detail,synthetic_sample_009,ollama/gemma4:e4b,principal.value,095575676,095575676,True,2026-09-03T08:45:08.935478+00:00
detail,synthetic_sample_009,ollama/gemma4:e4b,principal.value,,095575676,False,2026-09-03T09:29:46.254769+00:00
detail,synthetic_sample_009,ollama/gemma4:e4b,principal.value,095575676,095575676,True,2026-09-03T09:48:04.034565+00:00
detail,synthetic_sample_009,ollama/gemma4:e4b,principal.value,095575676,095575676,True,2026-09-03T12:00:46.465647+00:00
detail,synthetic_sample_009,ollama/gemma4:e4b,principal.value,095575676,095575676,True,2026-09-03T12:29:49.493097+00:00
detail,synthetic_sample_009,ollama/gemma4:e4b,principal.value,095575676,095575676,True,2026-09-03T13:22:22.387164+00:00
detail,synthetic_sample_010,ollama/gemma4:e4b,attorney_in_fact.is_handwritten,true,,False,2026-09-03T08:45:08.935478+00:00
detail,synthetic_sample_010,ollama/gemma4:e4b,attorney_in_fact.is_handwritten,,,True,2026-09-03T09:29:46.254769+00:00
detail,synthetic_sample_010,ollama/gemma4:e4b,attorney_in_fact.is_handwritten,,,True,2026-09-03T09:48:04.034565+00:00
detail,synthetic_sample_010,ollama/gemma4:e4b,attorney_in_fact.is_handwritten,,,True,2026-09-03T12:00:46.465647+00:00
detail,synthetic_sample_010,ollama/gemma4:e4b,attorney_in_fact.is_handwritten,,,True,2026-09-03T12:29:49.493097+00:00
detail,synthetic_sample_010,ollama/gemma4:e4b,attorney_in_fact.is_handwritten,,,True,2026-09-03T13:22:22.387164+00:00
detail,synthetic_sample_010,ollama/gemma4:e4b,attorney_in_fact.value,,,True,2026-09-03T08:45:08.935478+00:00
detail,synthetic_sample_010,ollama/gemma4:e4b,attorney_in_fact.value,,,True,2026-09-03T09:29:46.254769+00:00
detail,synthetic_sample_010,ollama/gemma4:e4b,attorney_in_fact.value,,,True,2026-09-03T09:48:04.034565+00:00
detail,synthetic_sample_010,ollama/gemma4:e4b,attorney_in_fact.value,,,True,2026-09-03T12:00:46.465647+00:00
detail,synthetic_sample_010,ollama/gemma4:e4b,attorney_in_fact.value,,,True,2026-09-03T12:29:49.493097+00:00
detail,synthetic_sample_010,ollama/gemma4:e4b,attorney_in_fact.value,,,True,2026-09-03T13:22:22.387164+00:00
detail,synthetic_sample_010,ollama/gemma4:e4b,principal.is_handwritten,false,,False,2026-09-03T08:45:08.935478+00:00
detail,synthetic_sample_010,ollama/gemma4:e4b,principal.is_handwritten,,,True,2026-09-03T09:29:46.254769+00:00
detail,synthetic_sample_010,ollama/gemma4:e4b,principal.is_handwritten,,,True,2026-09-03T09:48:04.034565+00:00
detail,synthetic_sample_010,ollama/gemma4:e4b,principal.is_handwritten,,,True,2026-09-03T12:00:46.465647+00:00
detail,synthetic_sample_010,ollama/gemma4:e4b,principal.is_handwritten,,,True,2026-09-03T12:29:49.493097+00:00
detail,synthetic_sample_010,ollama/gemma4:e4b,principal.is_handwritten,,,True,2026-09-03T13:22:22.387164+00:00
detail,synthetic_sample_010,ollama/gemma4:e4b,principal.value,,,True,2026-09-03T08:45:08.935478+00:00
detail,synthetic_sample_010,ollama/gemma4:e4b,principal.value,,,True,2026-09-03T09:29:46.254769+00:00
detail,synthetic_sample_010,ollama/gemma4:e4b,principal.value,,,True,2026-09-03T09:48:04.034565+00:00
detail,synthetic_sample_010,ollama/gemma4:e4b,principal.value,,,True,2026-09-03T12:00:46.465647+00:00
detail,synthetic_sample_010,ollama/gemma4:e4b,principal.value,,,True,2026-09-03T12:29:49.493097+00:00
detail,synthetic_sample_010,ollama/gemma4:e4b,principal.value,,,True,2026-09-03T13:22:22.387164+00:00
detail,synthetic_sample_011,ollama/gemma4:e4b,attorney_in_fact.is_handwritten,false,false,True,2026-09-03T08:45:08.935478+00:00
detail,synthetic_sample_011,ollama/gemma4:e4b,attorney_in_fact.is_handwritten,,false,False,2026-09-03T09:29:46.254769+00:00
detail,synthetic_sample_011,ollama/gemma4:e4b,attorney_in_fact.is_handwritten,false,false,True,2026-09-03T09:48:04.034565+00:00
detail,synthetic_sample_011,ollama/gemma4:e4b,attorney_in_fact.is_handwritten,false,false,True,2026-09-03T12:00:46.465647+00:00
detail,synthetic_sample_011,ollama/gemma4:e4b,attorney_in_fact.is_handwritten,false,false,True,2026-09-03T12:29:49.493097+00:00
detail,synthetic_sample_011,ollama/gemma4:e4b,attorney_in_fact.is_handwritten,false,false,True,2026-09-03T13:22:22.387164+00:00
detail,synthetic_sample_011,ollama/gemma4:e4b,attorney_in_fact.value,748970639,748970639,True,2026-09-03T08:45:08.935478+00:00
detail,synthetic_sample_011,ollama/gemma4:e4b,attorney_in_fact.value,,748970639,False,2026-09-03T09:29:46.254769+00:00
detail,synthetic_sample_011,ollama/gemma4:e4b,attorney_in_fact.value,748970639,748970639,True,2026-09-03T09:48:04.034565+00:00
detail,synthetic_sample_011,ollama/gemma4:e4b,attorney_in_fact.value,748970639,748970639,True,2026-09-03T12:00:46.465647+00:00
detail,synthetic_sample_011,ollama/gemma4:e4b,attorney_in_fact.value,748970639,748970639,True,2026-09-03T12:29:49.493097+00:00
detail,synthetic_sample_011,ollama/gemma4:e4b,attorney_in_fact.value,748970639,748970639,True,2026-09-03T13:22:22.387164+00:00
detail,synthetic_sample_011,ollama/gemma4:e4b,principal.is_handwritten,false,true,False,2026-09-03T08:45:08.935478+00:00
detail,synthetic_sample_011,ollama/gemma4:e4b,principal.is_handwritten,,true,False,2026-09-03T09:29:46.254769+00:00
detail,synthetic_sample_011,ollama/gemma4:e4b,principal.is_handwritten,true,true,True,2026-09-03T09:48:04.034565+00:00
detail,synthetic_sample_011,ollama/gemma4:e4b,principal.is_handwritten,true,true,True,2026-09-03T12:00:46.465647+00:00
detail,synthetic_sample_011,ollama/gemma4:e4b,principal.is_handwritten,true,true,True,2026-09-03T12:29:49.493097+00:00
detail,synthetic_sample_011,ollama/gemma4:e4b,principal.is_handwritten,true,true,True,2026-09-03T13:22:22.387164+00:00
detail,synthetic_sample_011,ollama/gemma4:e4b,principal.value,823191077,823191077,True,2026-09-03T08:45:08.935478+00:00
detail,synthetic_sample_011,ollama/gemma4:e4b,principal.value,,823191077,False,2026-09-03T09:29:46.254769+00:00
detail,synthetic_sample_011,ollama/gemma4:e4b,principal.value,823191077,823191077,True,2026-09-03T09:48:04.034565+00:00
detail,synthetic_sample_011,ollama/gemma4:e4b,principal.value,823191077,823191077,True,2026-09-03T12:00:46.465647+00:00
detail,synthetic_sample_011,ollama/gemma4:e4b,principal.value,823191077,823191077,True,2026-09-03T12:29:49.493097+00:00
detail,synthetic_sample_011,ollama/gemma4:e4b,principal.value,823191077,823191077,True,2026-09-03T13:22:22.387164+00:00
detail,synthetic_sample_012,ollama/gemma4:e4b,attorney_in_fact.is_handwritten,false,false,True,2026-09-03T08:45:08.935478+00:00
detail,synthetic_sample_012,ollama/gemma4:e4b,attorney_in_fact.is_handwritten,,false,False,2026-09-03T09:29:46.254769+00:00
detail,synthetic_sample_012,ollama/gemma4:e4b,attorney_in_fact.is_handwritten,false,false,True,2026-09-03T09:48:04.034565+00:00
detail,synthetic_sample_012,ollama/gemma4:e4b,attorney_in_fact.is_handwritten,false,false,True,2026-09-03T12:00:46.465647+00:00
detail,synthetic_sample_012,ollama/gemma4:e4b,attorney_in_fact.is_handwritten,false,false,True,2026-09-03T12:29:49.493097+00:00
detail,synthetic_sample_012,ollama/gemma4:e4b,attorney_in_fact.is_handwritten,false,false,True,2026-09-03T13:22:22.387164+00:00
detail,synthetic_sample_012,ollama/gemma4:e4b,attorney_in_fact.value,908148034,908148034,True,2026-09-03T08:45:08.935478+00:00
detail,synthetic_sample_012,ollama/gemma4:e4b,attorney_in_fact.value,,908148034,False,2026-09-03T09:29:46.254769+00:00
detail,synthetic_sample_012,ollama/gemma4:e4b,attorney_in_fact.value,908148034,908148034,True,2026-09-03T09:48:04.034565+00:00
detail,synthetic_sample_012,ollama/gemma4:e4b,attorney_in_fact.value,908148034,908148034,True,2026-09-03T12:00:46.465647+00:00
detail,synthetic_sample_012,ollama/gemma4:e4b,attorney_in_fact.value,908148034,908148034,True,2026-09-03T12:29:49.493097+00:00
detail,synthetic_sample_012,ollama/gemma4:e4b,attorney_in_fact.value,908148034,908148034,True,2026-09-03T13:22:22.387164+00:00
detail,synthetic_sample_012,ollama/gemma4:e4b,principal.is_handwritten,false,false,True,2026-09-03T08:45:08.935478+00:00
detail,synthetic_sample_012,ollama/gemma4:e4b,principal.is_handwritten,,false,False,2026-09-03T09:29:46.254769+00:00
detail,synthetic_sample_012,ollama/gemma4:e4b,principal.is_handwritten,false,false,True,2026-09-03T09:48:04.034565+00:00
detail,synthetic_sample_012,ollama/gemma4:e4b,principal.is_handwritten,false,false,True,2026-09-03T12:00:46.465647+00:00
detail,synthetic_sample_012,ollama/gemma4:e4b,principal.is_handwritten,false,false,True,2026-09-03T12:29:49.493097+00:00
detail,synthetic_sample_012,ollama/gemma4:e4b,principal.is_handwritten,false,false,True,2026-09-03T13:22:22.387164+00:00
detail,synthetic_sample_012,ollama/gemma4:e4b,principal.value,912393162,912393162,True,2026-09-03T08:45:08.935478+00:00
detail,synthetic_sample_012,ollama/gemma4:e4b,principal.value,,912393162,False,2026-09-03T09:29:46.254769+00:00
detail,synthetic_sample_012,ollama/gemma4:e4b,principal.value,912393162,912393162,True,2026-09-03T09:48:04.034565+00:00
detail,synthetic_sample_012,ollama/gemma4:e4b,principal.value,912393162,912393162,True,2026-09-03T12:00:46.465647+00:00
detail,synthetic_sample_012,ollama/gemma4:e4b,principal.value,912393162,912393162,True,2026-09-03T12:29:49.493097+00:00
detail,synthetic_sample_012,ollama/gemma4:e4b,principal.value,912393162,912393162,True,2026-09-03T13:22:22.387164+00:00
detail,synthetic_sample_013,ollama/gemma4:e4b,attorney_in_fact.is_handwritten,,,True,2026-09-03T08:45:08.935478+00:00
detail,synthetic_sample_013,ollama/gemma4:e4b,attorney_in_fact.is_handwritten,,,True,2026-09-03T09:29:46.254769+00:00
detail,synthetic_sample_013,ollama/gemma4:e4b,attorney_in_fact.is_handwritten,,,True,2026-09-03T09:48:04.034565+00:00
detail,synthetic_sample_013,ollama/gemma4:e4b,attorney_in_fact.is_handwritten,,,True,2026-09-03T12:00:46.465647+00:00
detail,synthetic_sample_013,ollama/gemma4:e4b,attorney_in_fact.is_handwritten,,,True,2026-09-03T12:29:49.493097+00:00
detail,synthetic_sample_013,ollama/gemma4:e4b,attorney_in_fact.is_handwritten,,,True,2026-09-03T13:22:22.387164+00:00
detail,synthetic_sample_013,ollama/gemma4:e4b,attorney_in_fact.value,,,True,2026-09-03T08:45:08.935478+00:00
detail,synthetic_sample_013,ollama/gemma4:e4b,attorney_in_fact.value,,,True,2026-09-03T09:29:46.254769+00:00
detail,synthetic_sample_013,ollama/gemma4:e4b,attorney_in_fact.value,,,True,2026-09-03T09:48:04.034565+00:00
detail,synthetic_sample_013,ollama/gemma4:e4b,attorney_in_fact.value,,,True,2026-09-03T12:00:46.465647+00:00
detail,synthetic_sample_013,ollama/gemma4:e4b,attorney_in_fact.value,,,True,2026-09-03T12:29:49.493097+00:00
detail,synthetic_sample_013,ollama/gemma4:e4b,attorney_in_fact.value,,,True,2026-09-03T13:22:22.387164+00:00
detail,synthetic_sample_013,ollama/gemma4:e4b,principal.is_handwritten,,false,False,2026-09-03T08:45:08.935478+00:00
detail,synthetic_sample_013,ollama/gemma4:e4b,principal.is_handwritten,,false,False,2026-09-03T09:29:46.254769+00:00
detail,synthetic_sample_013,ollama/gemma4:e4b,principal.is_handwritten,,false,False,2026-09-03T09:48:04.034565+00:00
detail,synthetic_sample_013,ollama/gemma4:e4b,principal.is_handwritten,,false,False,2026-09-03T12:00:46.465647+00:00
detail,synthetic_sample_013,ollama/gemma4:e4b,principal.is_handwritten,,false,False,2026-09-03T12:29:49.493097+00:00
detail,synthetic_sample_013,ollama/gemma4:e4b,principal.is_handwritten,,false,False,2026-09-03T13:22:22.387164+00:00
detail,synthetic_sample_013,ollama/gemma4:e4b,principal.value,,917002248,False,2026-09-03T08:45:08.935478+00:00
detail,synthetic_sample_013,ollama/gemma4:e4b,principal.value,,917002248,False,2026-09-03T09:29:46.254769+00:00
detail,synthetic_sample_013,ollama/gemma4:e4b,principal.value,,917002248,False,2026-09-03T09:48:04.034565+00:00
detail,synthetic_sample_013,ollama/gemma4:e4b,principal.value,,917002248,False,2026-09-03T12:00:46.465647+00:00
detail,synthetic_sample_013,ollama/gemma4:e4b,principal.value,,917002248,False,2026-09-03T12:29:49.493097+00:00
detail,synthetic_sample_013,ollama/gemma4:e4b,principal.value,,917002248,False,2026-09-03T13:22:22.387164+00:00
detail,synthetic_sample_014,ollama/gemma4:e4b,attorney_in_fact.is_handwritten,,false,False,2026-09-03T08:45:08.935478+00:00
detail,synthetic_sample_014,ollama/gemma4:e4b,attorney_in_fact.is_handwritten,,false,False,2026-09-03T09:29:46.254769+00:00
detail,synthetic_sample_014,ollama/gemma4:e4b,attorney_in_fact.is_handwritten,false,false,True,2026-09-03T09:48:04.034565+00:00
detail,synthetic_sample_014,ollama/gemma4:e4b,attorney_in_fact.is_handwritten,false,false,True,2026-09-03T12:00:46.465647+00:00
detail,synthetic_sample_014,ollama/gemma4:e4b,attorney_in_fact.is_handwritten,false,false,True,2026-09-03T12:29:49.493097+00:00
detail,synthetic_sample_014,ollama/gemma4:e4b,attorney_in_fact.is_handwritten,false,false,True,2026-09-03T13:22:22.387164+00:00
detail,synthetic_sample_014,ollama/gemma4:e4b,attorney_in_fact.value,,160515581,False,2026-09-03T08:45:08.935478+00:00
detail,synthetic_sample_014,ollama/gemma4:e4b,attorney_in_fact.value,,160515581,False,2026-09-03T09:29:46.254769+00:00
detail,synthetic_sample_014,ollama/gemma4:e4b,attorney_in_fact.value,,160515581,False,2026-09-03T09:48:04.034565+00:00
detail,synthetic_sample_014,ollama/gemma4:e4b,attorney_in_fact.value,,160515581,False,2026-09-03T12:00:46.465647+00:00
detail,synthetic_sample_014,ollama/gemma4:e4b,attorney_in_fact.value,,160515581,False,2026-09-03T12:29:49.493097+00:00
detail,synthetic_sample_014,ollama/gemma4:e4b,attorney_in_fact.value,,160515581,False,2026-09-03T13:22:22.387164+00:00
detail,synthetic_sample_014,ollama/gemma4:e4b,principal.is_handwritten,false,false,True,2026-09-03T08:45:08.935478+00:00
detail,synthetic_sample_014,ollama/gemma4:e4b,principal.is_handwritten,,false,False,2026-09-03T09:29:46.254769+00:00
detail,synthetic_sample_014,ollama/gemma4:e4b,principal.is_handwritten,false,false,True,2026-09-03T09:48:04.034565+00:00
detail,synthetic_sample_014,ollama/gemma4:e4b,principal.is_handwritten,false,false,True,2026-09-03T12:00:46.465647+00:00
detail,synthetic_sample_014,ollama/gemma4:e4b,principal.is_handwritten,false,false,True,2026-09-03T12:29:49.493097+00:00
detail,synthetic_sample_014,ollama/gemma4:e4b,principal.is_handwritten,false,false,True,2026-09-03T13:22:22.387164+00:00
detail,synthetic_sample_014,ollama/gemma4:e4b,principal.value,051397867,051397867,True,2026-09-03T08:45:08.935478+00:00
detail,synthetic_sample_014,ollama/gemma4:e4b,principal.value,,051397867,False,2026-09-03T09:29:46.254769+00:00
detail,synthetic_sample_014,ollama/gemma4:e4b,principal.value,051397867,051397867,True,2026-09-03T09:48:04.034565+00:00
detail,synthetic_sample_014,ollama/gemma4:e4b,principal.value,051397867,051397867,True,2026-09-03T12:00:46.465647+00:00
detail,synthetic_sample_014,ollama/gemma4:e4b,principal.value,051397867,051397867,True,2026-09-03T12:29:49.493097+00:00
detail,synthetic_sample_014,ollama/gemma4:e4b,principal.value,051397867,051397867,True,2026-09-03T13:22:22.387164+00:00
detail,synthetic_sample_015,ollama/gemma4:e4b,attorney_in_fact.is_handwritten,,false,False,2026-09-03T08:45:08.935478+00:00
detail,synthetic_sample_015,ollama/gemma4:e4b,attorney_in_fact.is_handwritten,,false,False,2026-09-03T09:29:46.254769+00:00
detail,synthetic_sample_015,ollama/gemma4:e4b,attorney_in_fact.is_handwritten,,false,False,2026-09-03T09:48:04.034565+00:00
detail,synthetic_sample_015,ollama/gemma4:e4b,attorney_in_fact.is_handwritten,,false,False,2026-09-03T12:00:46.465647+00:00
detail,synthetic_sample_015,ollama/gemma4:e4b,attorney_in_fact.is_handwritten,,false,False,2026-09-03T12:29:49.493097+00:00
detail,synthetic_sample_015,ollama/gemma4:e4b,attorney_in_fact.is_handwritten,,false,False,2026-09-03T13:22:22.387164+00:00
detail,synthetic_sample_015,ollama/gemma4:e4b,attorney_in_fact.value,,204974943,False,2026-09-03T08:45:08.935478+00:00
detail,synthetic_sample_015,ollama/gemma4:e4b,attorney_in_fact.value,,204974943,False,2026-09-03T09:29:46.254769+00:00
detail,synthetic_sample_015,ollama/gemma4:e4b,attorney_in_fact.value,,204974943,False,2026-09-03T09:48:04.034565+00:00
detail,synthetic_sample_015,ollama/gemma4:e4b,attorney_in_fact.value,,204974943,False,2026-09-03T12:00:46.465647+00:00
detail,synthetic_sample_015,ollama/gemma4:e4b,attorney_in_fact.value,,204974943,False,2026-09-03T12:29:49.493097+00:00
detail,synthetic_sample_015,ollama/gemma4:e4b,attorney_in_fact.value,,204974943,False,2026-09-03T13:22:22.387164+00:00
detail,synthetic_sample_015,ollama/gemma4:e4b,principal.is_handwritten,,,True,2026-09-03T08:45:08.935478+00:00
detail,synthetic_sample_015,ollama/gemma4:e4b,principal.is_handwritten,,,True,2026-09-03T09:29:46.254769+00:00
detail,synthetic_sample_015,ollama/gemma4:e4b,principal.is_handwritten,false,,False,2026-09-03T09:48:04.034565+00:00
detail,synthetic_sample_015,ollama/gemma4:e4b,principal.is_handwritten,false,,False,2026-09-03T12:00:46.465647+00:00
detail,synthetic_sample_015,ollama/gemma4:e4b,principal.is_handwritten,false,,False,2026-09-03T12:29:49.493097+00:00
detail,synthetic_sample_015,ollama/gemma4:e4b,principal.is_handwritten,false,,False,2026-09-03T13:22:22.387164+00:00
detail,synthetic_sample_015,ollama/gemma4:e4b,principal.value,,,True,2026-09-03T08:45:08.935478+00:00
detail,synthetic_sample_015,ollama/gemma4:e4b,principal.value,,,True,2026-09-03T09:29:46.254769+00:00
detail,synthetic_sample_015,ollama/gemma4:e4b,principal.value,,,True,2026-09-03T09:48:04.034565+00:00
detail,synthetic_sample_015,ollama/gemma4:e4b,principal.value,,,True,2026-09-03T12:00:46.465647+00:00
detail,synthetic_sample_015,ollama/gemma4:e4b,principal.value,,,True,2026-09-03T12:29:49.493097+00:00
detail,synthetic_sample_015,ollama/gemma4:e4b,principal.value,,,True,2026-09-03T13:22:22.387164+00:00
detail,synthetic_sample_016,ollama/gemma4:e4b,attorney_in_fact.is_handwritten,true,true,True,2026-09-03T08:45:08.935478+00:00
detail,synthetic_sample_016,ollama/gemma4:e4b,attorney_in_fact.is_handwritten,,true,False,2026-09-03T09:29:46.254769+00:00
detail,synthetic_sample_016,ollama/gemma4:e4b,attorney_in_fact.is_handwritten,true,true,True,2026-09-03T09:48:04.034565+00:00
detail,synthetic_sample_016,ollama/gemma4:e4b,attorney_in_fact.is_handwritten,true,true,True,2026-09-03T12:00:46.465647+00:00
detail,synthetic_sample_016,ollama/gemma4:e4b,attorney_in_fact.is_handwritten,true,true,True,2026-09-03T12:29:49.493097+00:00
detail,synthetic_sample_016,ollama/gemma4:e4b,attorney_in_fact.is_handwritten,true,true,True,2026-09-03T13:22:22.387164+00:00
detail,synthetic_sample_016,ollama/gemma4:e4b,attorney_in_fact.value,825615651,825615651,True,2026-09-03T08:45:08.935478+00:00
detail,synthetic_sample_016,ollama/gemma4:e4b,attorney_in_fact.value,,825615651,False,2026-09-03T09:29:46.254769+00:00
detail,synthetic_sample_016,ollama/gemma4:e4b,attorney_in_fact.value,825615651,825615651,True,2026-09-03T09:48:04.034565+00:00
detail,synthetic_sample_016,ollama/gemma4:e4b,attorney_in_fact.value,825615651,825615651,True,2026-09-03T12:00:46.465647+00:00
detail,synthetic_sample_016,ollama/gemma4:e4b,attorney_in_fact.value,825615651,825615651,True,2026-09-03T12:29:49.493097+00:00
detail,synthetic_sample_016,ollama/gemma4:e4b,attorney_in_fact.value,825615651,825615651,True,2026-09-03T13:22:22.387164+00:00
detail,synthetic_sample_016,ollama/gemma4:e4b,principal.is_handwritten,false,false,True,2026-09-03T08:45:08.935478+00:00
detail,synthetic_sample_016,ollama/gemma4:e4b,principal.is_handwritten,,false,False,2026-09-03T09:29:46.254769+00:00
detail,synthetic_sample_016,ollama/gemma4:e4b,principal.is_handwritten,false,false,True,2026-09-03T09:48:04.034565+00:00
detail,synthetic_sample_016,ollama/gemma4:e4b,principal.is_handwritten,false,false,True,2026-09-03T12:00:46.465647+00:00
detail,synthetic_sample_016,ollama/gemma4:e4b,principal.is_handwritten,false,false,True,2026-09-03T12:29:49.493097+00:00
detail,synthetic_sample_016,ollama/gemma4:e4b,principal.is_handwritten,false,false,True,2026-09-03T13:22:22.387164+00:00
detail,synthetic_sample_016,ollama/gemma4:e4b,principal.value,055883292,055883292,True,2026-09-03T08:45:08.935478+00:00
detail,synthetic_sample_016,ollama/gemma4:e4b,principal.value,,055883292,False,2026-09-03T09:29:46.254769+00:00
detail,synthetic_sample_016,ollama/gemma4:e4b,principal.value,055883292,055883292,True,2026-09-03T09:48:04.034565+00:00
detail,synthetic_sample_016,ollama/gemma4:e4b,principal.value,055883292,055883292,True,2026-09-03T12:00:46.465647+00:00
detail,synthetic_sample_016,ollama/gemma4:e4b,principal.value,055883292,055883292,True,2026-09-03T12:29:49.493097+00:00
detail,synthetic_sample_016,ollama/gemma4:e4b,principal.value,055883292,055883292,True,2026-09-03T13:22:22.387164+00:00
detail,synthetic_sample_017,ollama/gemma4:e4b,attorney_in_fact.is_handwritten,true,true,True,2026-09-03T08:45:08.935478+00:00
detail,synthetic_sample_017,ollama/gemma4:e4b,attorney_in_fact.is_handwritten,,true,False,2026-09-03T09:29:46.254769+00:00
detail,synthetic_sample_017,ollama/gemma4:e4b,attorney_in_fact.is_handwritten,true,true,True,2026-09-03T09:48:04.034565+00:00
detail,synthetic_sample_017,ollama/gemma4:e4b,attorney_in_fact.is_handwritten,true,true,True,2026-09-03T12:00:46.465647+00:00
detail,synthetic_sample_017,ollama/gemma4:e4b,attorney_in_fact.is_handwritten,true,true,True,2026-09-03T12:29:49.493097+00:00
detail,synthetic_sample_017,ollama/gemma4:e4b,attorney_in_fact.is_handwritten,true,true,True,2026-09-03T13:22:22.387164+00:00
detail,synthetic_sample_017,ollama/gemma4:e4b,attorney_in_fact.value,096798897,096798897,True,2026-09-03T08:45:08.935478+00:00
detail,synthetic_sample_017,ollama/gemma4:e4b,attorney_in_fact.value,,096798897,False,2026-09-03T09:29:46.254769+00:00
detail,synthetic_sample_017,ollama/gemma4:e4b,attorney_in_fact.value,096798897,096798897,True,2026-09-03T09:48:04.034565+00:00
detail,synthetic_sample_017,ollama/gemma4:e4b,attorney_in_fact.value,096798897,096798897,True,2026-09-03T12:00:46.465647+00:00
detail,synthetic_sample_017,ollama/gemma4:e4b,attorney_in_fact.value,096798897,096798897,True,2026-09-03T12:29:49.493097+00:00
detail,synthetic_sample_017,ollama/gemma4:e4b,attorney_in_fact.value,096798897,096798897,True,2026-09-03T13:22:22.387164+00:00
detail,synthetic_sample_017,ollama/gemma4:e4b,principal.is_handwritten,false,false,True,2026-09-03T08:45:08.935478+00:00
detail,synthetic_sample_017,ollama/gemma4:e4b,principal.is_handwritten,,false,False,2026-09-03T09:29:46.254769+00:00
detail,synthetic_sample_017,ollama/gemma4:e4b,principal.is_handwritten,false,false,True,2026-09-03T09:48:04.034565+00:00
detail,synthetic_sample_017,ollama/gemma4:e4b,principal.is_handwritten,false,false,True,2026-09-03T12:00:46.465647+00:00
detail,synthetic_sample_017,ollama/gemma4:e4b,principal.is_handwritten,false,false,True,2026-09-03T12:29:49.493097+00:00
detail,synthetic_sample_017,ollama/gemma4:e4b,principal.is_handwritten,false,false,True,2026-09-03T13:22:22.387164+00:00
detail,synthetic_sample_017,ollama/gemma4:e4b,principal.value,075236851,075236851,True,2026-09-03T08:45:08.935478+00:00
detail,synthetic_sample_017,ollama/gemma4:e4b,principal.value,,075236851,False,2026-09-03T09:29:46.254769+00:00
detail,synthetic_sample_017,ollama/gemma4:e4b,principal.value,075236851,075236851,True,2026-09-03T09:48:04.034565+00:00
detail,synthetic_sample_017,ollama/gemma4:e4b,principal.value,075236851,075236851,True,2026-09-03T12:00:46.465647+00:00
detail,synthetic_sample_017,ollama/gemma4:e4b,principal.value,075236851,075236851,True,2026-09-03T12:29:49.493097+00:00
detail,synthetic_sample_017,ollama/gemma4:e4b,principal.value,075236851,075236851,True,2026-09-03T13:22:22.387164+00:00
detail,synthetic_sample_018,ollama/gemma4:e4b,attorney_in_fact.is_handwritten,,false,False,2026-09-03T08:45:08.935478+00:00
detail,synthetic_sample_018,ollama/gemma4:e4b,attorney_in_fact.is_handwritten,,false,False,2026-09-03T09:29:46.254769+00:00
detail,synthetic_sample_018,ollama/gemma4:e4b,attorney_in_fact.is_handwritten,,false,False,2026-09-03T09:48:04.034565+00:00
detail,synthetic_sample_018,ollama/gemma4:e4b,attorney_in_fact.is_handwritten,,false,False,2026-09-03T12:00:46.465647+00:00
detail,synthetic_sample_018,ollama/gemma4:e4b,attorney_in_fact.is_handwritten,,false,False,2026-09-03T12:29:49.493097+00:00
detail,synthetic_sample_018,ollama/gemma4:e4b,attorney_in_fact.is_handwritten,,false,False,2026-09-03T13:22:22.387164+00:00
detail,synthetic_sample_018,ollama/gemma4:e4b,attorney_in_fact.value,,303815526,False,2026-09-03T08:45:08.935478+00:00
detail,synthetic_sample_018,ollama/gemma4:e4b,attorney_in_fact.value,,303815526,False,2026-09-03T09:29:46.254769+00:00
detail,synthetic_sample_018,ollama/gemma4:e4b,attorney_in_fact.value,,303815526,False,2026-09-03T09:48:04.034565+00:00
detail,synthetic_sample_018,ollama/gemma4:e4b,attorney_in_fact.value,,303815526,False,2026-09-03T12:00:46.465647+00:00
detail,synthetic_sample_018,ollama/gemma4:e4b,attorney_in_fact.value,,303815526,False,2026-09-03T12:29:49.493097+00:00
detail,synthetic_sample_018,ollama/gemma4:e4b,attorney_in_fact.value,,303815526,False,2026-09-03T13:22:22.387164+00:00
detail,synthetic_sample_018,ollama/gemma4:e4b,principal.is_handwritten,false,true,False,2026-09-03T08:45:08.935478+00:00
detail,synthetic_sample_018,ollama/gemma4:e4b,principal.is_handwritten,,true,False,2026-09-03T09:29:46.254769+00:00
detail,synthetic_sample_018,ollama/gemma4:e4b,principal.is_handwritten,true,true,True,2026-09-03T09:48:04.034565+00:00
detail,synthetic_sample_018,ollama/gemma4:e4b,principal.is_handwritten,true,true,True,2026-09-03T12:00:46.465647+00:00
detail,synthetic_sample_018,ollama/gemma4:e4b,principal.is_handwritten,true,true,True,2026-09-03T12:29:49.493097+00:00
detail,synthetic_sample_018,ollama/gemma4:e4b,principal.is_handwritten,true,true,True,2026-09-03T13:22:22.387164+00:00
detail,synthetic_sample_018,ollama/gemma4:e4b,principal.value,069178978,069178978,True,2026-09-03T08:45:08.935478+00:00
detail,synthetic_sample_018,ollama/gemma4:e4b,principal.value,,069178978,False,2026-09-03T09:29:46.254769+00:00
detail,synthetic_sample_018,ollama/gemma4:e4b,principal.value,069178978,069178978,True,2026-09-03T09:48:04.034565+00:00
detail,synthetic_sample_018,ollama/gemma4:e4b,principal.value,069178978,069178978,True,2026-09-03T12:00:46.465647+00:00
detail,synthetic_sample_018,ollama/gemma4:e4b,principal.value,069178978,069178978,True,2026-09-03T12:29:49.493097+00:00
detail,synthetic_sample_018,ollama/gemma4:e4b,principal.value,069178978,069178978,True,2026-09-03T13:22:22.387164+00:00
detail,synthetic_sample_019,ollama/gemma4:e4b,attorney_in_fact.is_handwritten,false,false,True,2026-09-03T08:45:08.935478+00:00
detail,synthetic_sample_019,ollama/gemma4:e4b,attorney_in_fact.is_handwritten,,false,False,2026-09-03T09:29:46.254769+00:00
detail,synthetic_sample_019,ollama/gemma4:e4b,attorney_in_fact.is_handwritten,false,false,True,2026-09-03T09:48:04.034565+00:00
detail,synthetic_sample_019,ollama/gemma4:e4b,attorney_in_fact.is_handwritten,false,false,True,2026-09-03T12:00:46.465647+00:00
detail,synthetic_sample_019,ollama/gemma4:e4b,attorney_in_fact.is_handwritten,false,false,True,2026-09-03T12:29:49.493097+00:00
detail,synthetic_sample_019,ollama/gemma4:e4b,attorney_in_fact.is_handwritten,false,false,True,2026-09-03T13:22:22.387164+00:00
detail,synthetic_sample_019,ollama/gemma4:e4b,attorney_in_fact.value,283505121,283505121,True,2026-09-03T08:45:08.935478+00:00
detail,synthetic_sample_019,ollama/gemma4:e4b,attorney_in_fact.value,,283505121,False,2026-09-03T09:29:46.254769+00:00
detail,synthetic_sample_019,ollama/gemma4:e4b,attorney_in_fact.value,283505121,283505121,True,2026-09-03T09:48:04.034565+00:00
detail,synthetic_sample_019,ollama/gemma4:e4b,attorney_in_fact.value,283505121,283505121,True,2026-09-03T12:00:46.465647+00:00
detail,synthetic_sample_019,ollama/gemma4:e4b,attorney_in_fact.value,283505121,283505121,True,2026-09-03T12:29:49.493097+00:00
detail,synthetic_sample_019,ollama/gemma4:e4b,attorney_in_fact.value,283505121,283505121,True,2026-09-03T13:22:22.387164+00:00
detail,synthetic_sample_019,ollama/gemma4:e4b,principal.is_handwritten,false,false,True,2026-09-03T08:45:08.935478+00:00
detail,synthetic_sample_019,ollama/gemma4:e4b,principal.is_handwritten,,false,False,2026-09-03T09:29:46.254769+00:00
detail,synthetic_sample_019,ollama/gemma4:e4b,principal.is_handwritten,false,false,True,2026-09-03T09:48:04.034565+00:00
detail,synthetic_sample_019,ollama/gemma4:e4b,principal.is_handwritten,false,false,True,2026-09-03T12:00:46.465647+00:00
detail,synthetic_sample_019,ollama/gemma4:e4b,principal.is_handwritten,false,false,True,2026-09-03T12:29:49.493097+00:00
detail,synthetic_sample_019,ollama/gemma4:e4b,principal.is_handwritten,false,false,True,2026-09-03T13:22:22.387164+00:00
detail,synthetic_sample_019,ollama/gemma4:e4b,principal.value,029527397,029527397,True,2026-09-03T08:45:08.935478+00:00
detail,synthetic_sample_019,ollama/gemma4:e4b,principal.value,,029527397,False,2026-09-03T09:29:46.254769+00:00
detail,synthetic_sample_019,ollama/gemma4:e4b,principal.value,029527397,029527397,True,2026-09-03T09:48:04.034565+00:00
detail,synthetic_sample_019,ollama/gemma4:e4b,principal.value,029527397,029527397,True,2026-09-03T12:00:46.465647+00:00
detail,synthetic_sample_019,ollama/gemma4:e4b,principal.value,029527397,029527397,True,2026-09-03T12:29:49.493097+00:00
detail,synthetic_sample_019,ollama/gemma4:e4b,principal.value,029527397,029527397,True,2026-09-03T13:22:22.387164+00:00
detail,synthetic_sample_000,ollama/llama3.1,attorney_in_fact.is_handwritten,false,false,True,2026-09-03T12:29:49.527714+00:00
detail,synthetic_sample_000,ollama/llama3.1,attorney_in_fact.is_handwritten,false,false,True,2026-09-03T13:22:22.407164+00:00
detail,synthetic_sample_000,ollama/llama3.1,attorney_in_fact.value,660149964,660149964,True,2026-09-03T12:29:49.527714+00:00
detail,synthetic_sample_000,ollama/llama3.1,attorney_in_fact.value,660149964,660149964,True,2026-09-03T13:22:22.407164+00:00
detail,synthetic_sample_000,ollama/llama3.1,principal.is_handwritten,true,true,True,2026-09-03T12:29:49.527714+00:00
detail,synthetic_sample_000,ollama/llama3.1,principal.is_handwritten,true,true,True,2026-09-03T13:22:22.407164+00:00
detail,synthetic_sample_000,ollama/llama3.1,principal.value,520027186,520027186,True,2026-09-03T12:29:49.527714+00:00
detail,synthetic_sample_000,ollama/llama3.1,principal.value,520027186,520027186,True,2026-09-03T13:22:22.407164+00:00
detail,synthetic_sample_001,ollama/llama3.1,attorney_in_fact.is_handwritten,true,true,True,2026-09-03T12:29:49.527714+00:00
detail,synthetic_sample_001,ollama/llama3.1,attorney_in_fact.is_handwritten,true,true,True,2026-09-03T13:22:22.407164+00:00
detail,synthetic_sample_001,ollama/llama3.1,attorney_in_fact.value,300386810,300386810,True,2026-09-03T12:29:49.527714+00:00
detail,synthetic_sample_001,ollama/llama3.1,attorney_in_fact.value,300386810,300386810,True,2026-09-03T13:22:22.407164+00:00
detail,synthetic_sample_001,ollama/llama3.1,principal.is_handwritten,false,false,True,2026-09-03T12:29:49.527714+00:00
detail,synthetic_sample_001,ollama/llama3.1,principal.is_handwritten,false,false,True,2026-09-03T13:22:22.407164+00:00
detail,synthetic_sample_001,ollama/llama3.1,principal.value,033444670,033444670,True,2026-09-03T12:29:49.527714+00:00
detail,synthetic_sample_001,ollama/llama3.1,principal.value,033444670,033444670,True,2026-09-03T13:22:22.407164+00:00
detail,synthetic_sample_002,ollama/llama3.1,attorney_in_fact.is_handwritten,true,true,True,2026-09-03T12:29:49.527714+00:00
detail,synthetic_sample_002,ollama/llama3.1,attorney_in_fact.is_handwritten,true,true,True,2026-09-03T13:22:22.407164+00:00
detail,synthetic_sample_002,ollama/llama3.1,attorney_in_fact.value,119955367,119955367,True,2026-09-03T12:29:49.527714+00:00
detail,synthetic_sample_002,ollama/llama3.1,attorney_in_fact.value,119955367,119955367,True,2026-09-03T13:22:22.407164+00:00
detail,synthetic_sample_002,ollama/llama3.1,principal.is_handwritten,true,true,True,2026-09-03T12:29:49.527714+00:00
detail,synthetic_sample_002,ollama/llama3.1,principal.is_handwritten,true,true,True,2026-09-03T13:22:22.407164+00:00
detail,synthetic_sample_002,ollama/llama3.1,principal.value,730556255,730556255,True,2026-09-03T12:29:49.527714+00:00
detail,synthetic_sample_002,ollama/llama3.1,principal.value,730556255,730556255,True,2026-09-03T13:22:22.407164+00:00
detail,synthetic_sample_003,ollama/llama3.1,attorney_in_fact.is_handwritten,false,false,True,2026-09-03T12:29:49.527714+00:00
detail,synthetic_sample_003,ollama/llama3.1,attorney_in_fact.is_handwritten,false,false,True,2026-09-03T13:22:22.407164+00:00
detail,synthetic_sample_003,ollama/llama3.1,attorney_in_fact.value,875833949,875833949,True,2026-09-03T12:29:49.527714+00:00
detail,synthetic_sample_003,ollama/llama3.1,attorney_in_fact.value,875833949,875833949,True,2026-09-03T13:22:22.407164+00:00
detail,synthetic_sample_003,ollama/llama3.1,principal.is_handwritten,true,true,True,2026-09-03T12:29:49.527714+00:00
detail,synthetic_sample_003,ollama/llama3.1,principal.is_handwritten,true,true,True,2026-09-03T13:22:22.407164+00:00
detail,synthetic_sample_003,ollama/llama3.1,principal.value,826129645,826129645,True,2026-09-03T12:29:49.527714+00:00
detail,synthetic_sample_003,ollama/llama3.1,principal.value,826129645,826129645,True,2026-09-03T13:22:22.407164+00:00
detail,synthetic_sample_004,ollama/llama3.1,attorney_in_fact.is_handwritten,true,true,True,2026-09-03T12:29:49.527714+00:00
detail,synthetic_sample_004,ollama/llama3.1,attorney_in_fact.is_handwritten,true,true,True,2026-09-03T13:22:22.407164+00:00
detail,synthetic_sample_004,ollama/llama3.1,attorney_in_fact.value,049448145,049448145,True,2026-09-03T12:29:49.527714+00:00
detail,synthetic_sample_004,ollama/llama3.1,attorney_in_fact.value,049448145,049448145,True,2026-09-03T13:22:22.407164+00:00
detail,synthetic_sample_004,ollama/llama3.1,principal.is_handwritten,true,true,True,2026-09-03T12:29:49.527714+00:00
detail,synthetic_sample_004,ollama/llama3.1,principal.is_handwritten,true,true,True,2026-09-03T13:22:22.407164+00:00
detail,synthetic_sample_004,ollama/llama3.1,principal.value,084967355,084967355,True,2026-09-03T12:29:49.527714+00:00
detail,synthetic_sample_004,ollama/llama3.1,principal.value,084967355,084967355,True,2026-09-03T13:22:22.407164+00:00
detail,synthetic_sample_005,ollama/llama3.1,attorney_in_fact.is_handwritten,true,true,True,2026-09-03T12:29:49.527714+00:00
detail,synthetic_sample_005,ollama/llama3.1,attorney_in_fact.is_handwritten,true,true,True,2026-09-03T13:22:22.407164+00:00
detail,synthetic_sample_005,ollama/llama3.1,attorney_in_fact.value,497512442,497512442,True,2026-09-03T12:29:49.527714+00:00
detail,synthetic_sample_005,ollama/llama3.1,attorney_in_fact.value,497512442,497512442,True,2026-09-03T13:22:22.407164+00:00
detail,synthetic_sample_005,ollama/llama3.1,principal.is_handwritten,,false,False,2026-09-03T12:29:49.527714+00:00
detail,synthetic_sample_005,ollama/llama3.1,principal.is_handwritten,,false,False,2026-09-03T13:22:22.407164+00:00
detail,synthetic_sample_005,ollama/llama3.1,principal.value,,299804799,False,2026-09-03T12:29:49.527714+00:00
detail,synthetic_sample_005,ollama/llama3.1,principal.value,,299804799,False,2026-09-03T13:22:22.407164+00:00
detail,synthetic_sample_006,ollama/llama3.1,attorney_in_fact.is_handwritten,true,true,True,2026-09-03T12:29:49.527714+00:00
detail,synthetic_sample_006,ollama/llama3.1,attorney_in_fact.is_handwritten,true,true,True,2026-09-03T13:22:22.407164+00:00
detail,synthetic_sample_006,ollama/llama3.1,attorney_in_fact.value,978087039,978087039,True,2026-09-03T12:29:49.527714+00:00
detail,synthetic_sample_006,ollama/llama3.1,attorney_in_fact.value,978087039,978087039,True,2026-09-03T13:22:22.407164+00:00
detail,synthetic_sample_006,ollama/llama3.1,principal.is_handwritten,,false,False,2026-09-03T12:29:49.527714+00:00
detail,synthetic_sample_006,ollama/llama3.1,principal.is_handwritten,,false,False,2026-09-03T13:22:22.407164+00:00
detail,synthetic_sample_006,ollama/llama3.1,principal.value,,296204274,False,2026-09-03T12:29:49.527714+00:00
detail,synthetic_sample_006,ollama/llama3.1,principal.value,,296204274,False,2026-09-03T13:22:22.407164+00:00
detail,synthetic_sample_007,ollama/llama3.1,attorney_in_fact.is_handwritten,false,false,True,2026-09-03T12:29:49.527714+00:00
detail,synthetic_sample_007,ollama/llama3.1,attorney_in_fact.is_handwritten,false,false,True,2026-09-03T13:22:22.407164+00:00
detail,synthetic_sample_007,ollama/llama3.1,attorney_in_fact.value,975195629,975195629,True,2026-09-03T12:29:49.527714+00:00
detail,synthetic_sample_007,ollama/llama3.1,attorney_in_fact.value,975195629,975195629,True,2026-09-03T13:22:22.407164+00:00
detail,synthetic_sample_007,ollama/llama3.1,principal.is_handwritten,true,true,True,2026-09-03T12:29:49.527714+00:00
detail,synthetic_sample_007,ollama/llama3.1,principal.is_handwritten,true,true,True,2026-09-03T13:22:22.407164+00:00
detail,synthetic_sample_007,ollama/llama3.1,principal.value,073090938,073090938,True,2026-09-03T12:29:49.527714+00:00
detail,synthetic_sample_007,ollama/llama3.1,principal.value,073090938,073090938,True,2026-09-03T13:22:22.407164+00:00
detail,synthetic_sample_008,ollama/llama3.1,attorney_in_fact.is_handwritten,true,true,True,2026-09-03T12:29:49.527714+00:00
detail,synthetic_sample_008,ollama/llama3.1,attorney_in_fact.is_handwritten,true,true,True,2026-09-03T13:22:22.407164+00:00
detail,synthetic_sample_008,ollama/llama3.1,attorney_in_fact.value,586747644,586747644,True,2026-09-03T12:29:49.527714+00:00
detail,synthetic_sample_008,ollama/llama3.1,attorney_in_fact.value,586747644,586747644,True,2026-09-03T13:22:22.407164+00:00
detail,synthetic_sample_008,ollama/llama3.1,principal.is_handwritten,false,,False,2026-09-03T12:29:49.527714+00:00
detail,synthetic_sample_008,ollama/llama3.1,principal.is_handwritten,false,,False,2026-09-03T13:22:22.407164+00:00
detail,synthetic_sample_008,ollama/llama3.1,principal.value,,,True,2026-09-03T12:29:49.527714+00:00
detail,synthetic_sample_008,ollama/llama3.1,principal.value,,,True,2026-09-03T13:22:22.407164+00:00
detail,synthetic_sample_009,ollama/llama3.1,attorney_in_fact.is_handwritten,true,true,True,2026-09-03T12:29:49.527714+00:00
detail,synthetic_sample_009,ollama/llama3.1,attorney_in_fact.is_handwritten,true,true,True,2026-09-03T13:22:22.407164+00:00
detail,synthetic_sample_009,ollama/llama3.1,attorney_in_fact.value,630562635,630562635,True,2026-09-03T12:29:49.527714+00:00
detail,synthetic_sample_009,ollama/llama3.1,attorney_in_fact.value,630562635,630562635,True,2026-09-03T13:22:22.407164+00:00
detail,synthetic_sample_009,ollama/llama3.1,principal.is_handwritten,false,false,True,2026-09-03T12:29:49.527714+00:00
detail,synthetic_sample_009,ollama/llama3.1,principal.is_handwritten,false,false,True,2026-09-03T13:22:22.407164+00:00
detail,synthetic_sample_009,ollama/llama3.1,principal.value,095575676,095575676,True,2026-09-03T12:29:49.527714+00:00
detail,synthetic_sample_009,ollama/llama3.1,principal.value,095575676,095575676,True,2026-09-03T13:22:22.407164+00:00
detail,synthetic_sample_010,ollama/llama3.1,attorney_in_fact.is_handwritten,true,,False,2026-09-03T12:29:49.527714+00:00
detail,synthetic_sample_010,ollama/llama3.1,attorney_in_fact.is_handwritten,true,,False,2026-09-03T13:22:22.407164+00:00
detail,synthetic_sample_010,ollama/llama3.1,attorney_in_fact.value,,,True,2026-09-03T12:29:49.527714+00:00
detail,synthetic_sample_010,ollama/llama3.1,attorney_in_fact.value,,,True,2026-09-03T13:22:22.407164+00:00
detail,synthetic_sample_010,ollama/llama3.1,principal.is_handwritten,false,,False,2026-09-03T12:29:49.527714+00:00
detail,synthetic_sample_010,ollama/llama3.1,principal.is_handwritten,false,,False,2026-09-03T13:22:22.407164+00:00
detail,synthetic_sample_010,ollama/llama3.1,principal.value,,,True,2026-09-03T12:29:49.527714+00:00
detail,synthetic_sample_010,ollama/llama3.1,principal.value,,,True,2026-09-03T13:22:22.407164+00:00
detail,synthetic_sample_011,ollama/llama3.1,attorney_in_fact.is_handwritten,false,false,True,2026-09-03T12:29:49.527714+00:00
detail,synthetic_sample_011,ollama/llama3.1,attorney_in_fact.is_handwritten,false,false,True,2026-09-03T13:22:22.407164+00:00
detail,synthetic_sample_011,ollama/llama3.1,attorney_in_fact.value,748970639,748970639,True,2026-09-03T12:29:49.527714+00:00
detail,synthetic_sample_011,ollama/llama3.1,attorney_in_fact.value,748970639,748970639,True,2026-09-03T13:22:22.407164+00:00
detail,synthetic_sample_011,ollama/llama3.1,principal.is_handwritten,true,true,True,2026-09-03T12:29:49.527714+00:00
detail,synthetic_sample_011,ollama/llama3.1,principal.is_handwritten,true,true,True,2026-09-03T13:22:22.407164+00:00
detail,synthetic_sample_011,ollama/llama3.1,principal.value,823191077,823191077,True,2026-09-03T12:29:49.527714+00:00
detail,synthetic_sample_011,ollama/llama3.1,principal.value,823191077,823191077,True,2026-09-03T13:22:22.407164+00:00
detail,synthetic_sample_012,ollama/llama3.1,attorney_in_fact.is_handwritten,false,false,True,2026-09-03T12:29:49.527714+00:00
detail,synthetic_sample_012,ollama/llama3.1,attorney_in_fact.is_handwritten,false,false,True,2026-09-03T13:22:22.407164+00:00
detail,synthetic_sample_012,ollama/llama3.1,attorney_in_fact.value,908148034,908148034,True,2026-09-03T12:29:49.527714+00:00
detail,synthetic_sample_012,ollama/llama3.1,attorney_in_fact.value,908148034,908148034,True,2026-09-03T13:22:22.407164+00:00
detail,synthetic_sample_012,ollama/llama3.1,principal.is_handwritten,false,false,True,2026-09-03T12:29:49.527714+00:00
detail,synthetic_sample_012,ollama/llama3.1,principal.is_handwritten,false,false,True,2026-09-03T13:22:22.407164+00:00
detail,synthetic_sample_012,ollama/llama3.1,principal.value,912393162,912393162,True,2026-09-03T12:29:49.527714+00:00
detail,synthetic_sample_012,ollama/llama3.1,principal.value,912393162,912393162,True,2026-09-03T13:22:22.407164+00:00
detail,synthetic_sample_013,ollama/llama3.1,attorney_in_fact.is_handwritten,,,True,2026-09-03T12:29:49.527714+00:00
detail,synthetic_sample_013,ollama/llama3.1,attorney_in_fact.is_handwritten,,,True,2026-09-03T13:22:22.407164+00:00
detail,synthetic_sample_013,ollama/llama3.1,attorney_in_fact.value,,,True,2026-09-03T12:29:49.527714+00:00
detail,synthetic_sample_013,ollama/llama3.1,attorney_in_fact.value,,,True,2026-09-03T13:22:22.407164+00:00
detail,synthetic_sample_013,ollama/llama3.1,principal.is_handwritten,,false,False,2026-09-03T12:29:49.527714+00:00
detail,synthetic_sample_013,ollama/llama3.1,principal.is_handwritten,,false,False,2026-09-03T13:22:22.407164+00:00
detail,synthetic_sample_013,ollama/llama3.1,principal.value,,917002248,False,2026-09-03T12:29:49.527714+00:00
detail,synthetic_sample_013,ollama/llama3.1,principal.value,,917002248,False,2026-09-03T13:22:22.407164+00:00
detail,synthetic_sample_014,ollama/llama3.1,attorney_in_fact.is_handwritten,,false,False,2026-09-03T12:29:49.527714+00:00
detail,synthetic_sample_014,ollama/llama3.1,attorney_in_fact.is_handwritten,,false,False,2026-09-03T13:22:22.407164+00:00
detail,synthetic_sample_014,ollama/llama3.1,attorney_in_fact.value,,160515581,False,2026-09-03T12:29:49.527714+00:00
detail,synthetic_sample_014,ollama/llama3.1,attorney_in_fact.value,,160515581,False,2026-09-03T13:22:22.407164+00:00
detail,synthetic_sample_014,ollama/llama3.1,principal.is_handwritten,false,false,True,2026-09-03T12:29:49.527714+00:00
detail,synthetic_sample_014,ollama/llama3.1,principal.is_handwritten,false,false,True,2026-09-03T13:22:22.407164+00:00
detail,synthetic_sample_014,ollama/llama3.1,principal.value,051397867,051397867,True,2026-09-03T12:29:49.527714+00:00
detail,synthetic_sample_014,ollama/llama3.1,principal.value,051397867,051397867,True,2026-09-03T13:22:22.407164+00:00
detail,synthetic_sample_015,ollama/llama3.1,attorney_in_fact.is_handwritten,,false,False,2026-09-03T12:29:49.527714+00:00
detail,synthetic_sample_015,ollama/llama3.1,attorney_in_fact.is_handwritten,,false,False,2026-09-03T13:22:22.407164+00:00
detail,synthetic_sample_015,ollama/llama3.1,attorney_in_fact.value,,204974943,False,2026-09-03T12:29:49.527714+00:00
detail,synthetic_sample_015,ollama/llama3.1,attorney_in_fact.value,,204974943,False,2026-09-03T13:22:22.407164+00:00
detail,synthetic_sample_015,ollama/llama3.1,principal.is_handwritten,false,,False,2026-09-03T12:29:49.527714+00:00
detail,synthetic_sample_015,ollama/llama3.1,principal.is_handwritten,false,,False,2026-09-03T13:22:22.407164+00:00
detail,synthetic_sample_015,ollama/llama3.1,principal.value,,,True,2026-09-03T12:29:49.527714+00:00
detail,synthetic_sample_015,ollama/llama3.1,principal.value,,,True,2026-09-03T13:22:22.407164+00:00
detail,synthetic_sample_016,ollama/llama3.1,attorney_in_fact.is_handwritten,true,true,True,2026-09-03T12:29:49.527714+00:00
detail,synthetic_sample_016,ollama/llama3.1,attorney_in_fact.is_handwritten,true,true,True,2026-09-03T13:22:22.407164+00:00
detail,synthetic_sample_016,ollama/llama3.1,attorney_in_fact.value,825615651,825615651,True,2026-09-03T12:29:49.527714+00:00
detail,synthetic_sample_016,ollama/llama3.1,attorney_in_fact.value,825615651,825615651,True,2026-09-03T13:22:22.407164+00:00
detail,synthetic_sample_016,ollama/llama3.1,principal.is_handwritten,false,false,True,2026-09-03T12:29:49.527714+00:00
detail,synthetic_sample_016,ollama/llama3.1,principal.is_handwritten,false,false,True,2026-09-03T13:22:22.407164+00:00
detail,synthetic_sample_016,ollama/llama3.1,principal.value,055883292,055883292,True,2026-09-03T12:29:49.527714+00:00
detail,synthetic_sample_016,ollama/llama3.1,principal.value,055883292,055883292,True,2026-09-03T13:22:22.407164+00:00
detail,synthetic_sample_017,ollama/llama3.1,attorney_in_fact.is_handwritten,true,true,True,2026-09-03T12:29:49.527714+00:00
detail,synthetic_sample_017,ollama/llama3.1,attorney_in_fact.is_handwritten,true,true,True,2026-09-03T13:22:22.407164+00:00
detail,synthetic_sample_017,ollama/llama3.1,attorney_in_fact.value,096798897,096798897,True,2026-09-03T12:29:49.527714+00:00
detail,synthetic_sample_017,ollama/llama3.1,attorney_in_fact.value,096798897,096798897,True,2026-09-03T13:22:22.407164+00:00
detail,synthetic_sample_017,ollama/llama3.1,principal.is_handwritten,false,false,True,2026-09-03T12:29:49.527714+00:00
detail,synthetic_sample_017,ollama/llama3.1,principal.is_handwritten,false,false,True,2026-09-03T13:22:22.407164+00:00
detail,synthetic_sample_017,ollama/llama3.1,principal.value,075236851,075236851,True,2026-09-03T12:29:49.527714+00:00
detail,synthetic_sample_017,ollama/llama3.1,principal.value,075236851,075236851,True,2026-09-03T13:22:22.407164+00:00
detail,synthetic_sample_018,ollama/llama3.1,attorney_in_fact.is_handwritten,,false,False,2026-09-03T12:29:49.527714+00:00
detail,synthetic_sample_018,ollama/llama3.1,attorney_in_fact.is_handwritten,,false,False,2026-09-03T13:22:22.407164+00:00
detail,synthetic_sample_018,ollama/llama3.1,attorney_in_fact.value,,303815526,False,2026-09-03T12:29:49.527714+00:00
detail,synthetic_sample_018,ollama/llama3.1,attorney_in_fact.value,,303815526,False,2026-09-03T13:22:22.407164+00:00
detail,synthetic_sample_018,ollama/llama3.1,principal.is_handwritten,,true,False,2026-09-03T12:29:49.527714+00:00
detail,synthetic_sample_018,ollama/llama3.1,principal.is_handwritten,,true,False,2026-09-03T13:22:22.407164+00:00
detail,synthetic_sample_018,ollama/llama3.1,principal.value,,069178978,False,2026-09-03T12:29:49.527714+00:00
detail,synthetic_sample_018,ollama/llama3.1,principal.value,,069178978,False,2026-09-03T13:22:22.407164+00:00
detail,synthetic_sample_019,ollama/llama3.1,attorney_in_fact.is_handwritten,false,false,True,2026-09-03T12:29:49.527714+00:00
detail,synthetic_sample_019,ollama/llama3.1,attorney_in_fact.is_handwritten,false,false,True,2026-09-03T13:22:22.407164+00:00
detail,synthetic_sample_019,ollama/llama3.1,attorney_in_fact.value,283505121,283505121,True,2026-09-03T12:29:49.527714+00:00
detail,synthetic_sample_019,ollama/llama3.1,attorney_in_fact.value,283505121,283505121,True,2026-09-03T13:22:22.407164+00:00
detail,synthetic_sample_019,ollama/llama3.1,principal.is_handwritten,false,false,True,2026-09-03T12:29:49.527714+00:00
detail,synthetic_sample_019,ollama/llama3.1,principal.is_handwritten,false,false,True,2026-09-03T13:22:22.407164+00:00
detail,synthetic_sample_019,ollama/llama3.1,principal.value,029527397,029527397,True,2026-09-03T12:29:49.527714+00:00
detail,synthetic_sample_019,ollama/llama3.1,principal.value,029527397,029527397,True,2026-09-03T13:22:22.407164+00:00
detail,synthetic_sample_000,ollama/qwen2.5:7b,attorney_in_fact.is_handwritten,false,false,True,2026-09-03T12:29:49.685379+00:00
detail,synthetic_sample_000,ollama/qwen2.5:7b,attorney_in_fact.is_handwritten,false,false,True,2026-09-03T13:22:22.427168+00:00
detail,synthetic_sample_000,ollama/qwen2.5:7b,attorney_in_fact.value,660149964,660149964,True,2026-09-03T12:29:49.685379+00:00
detail,synthetic_sample_000,ollama/qwen2.5:7b,attorney_in_fact.value,660149964,660149964,True,2026-09-03T13:22:22.427168+00:00
detail,synthetic_sample_000,ollama/qwen2.5:7b,principal.is_handwritten,true,true,True,2026-09-03T12:29:49.685379+00:00
detail,synthetic_sample_000,ollama/qwen2.5:7b,principal.is_handwritten,true,true,True,2026-09-03T13:22:22.427168+00:00
detail,synthetic_sample_000,ollama/qwen2.5:7b,principal.value,520027186,520027186,True,2026-09-03T12:29:49.685379+00:00
detail,synthetic_sample_000,ollama/qwen2.5:7b,principal.value,520027186,520027186,True,2026-09-03T13:22:22.427168+00:00
detail,synthetic_sample_001,ollama/qwen2.5:7b,attorney_in_fact.is_handwritten,true,true,True,2026-09-03T12:29:49.685379+00:00
detail,synthetic_sample_001,ollama/qwen2.5:7b,attorney_in_fact.is_handwritten,true,true,True,2026-09-03T13:22:22.427168+00:00
detail,synthetic_sample_001,ollama/qwen2.5:7b,attorney_in_fact.value,300386810,300386810,True,2026-09-03T12:29:49.685379+00:00
detail,synthetic_sample_001,ollama/qwen2.5:7b,attorney_in_fact.value,300386810,300386810,True,2026-09-03T13:22:22.427168+00:00
detail,synthetic_sample_001,ollama/qwen2.5:7b,principal.is_handwritten,false,false,True,2026-09-03T12:29:49.685379+00:00
detail,synthetic_sample_001,ollama/qwen2.5:7b,principal.is_handwritten,false,false,True,2026-09-03T13:22:22.427168+00:00
detail,synthetic_sample_001,ollama/qwen2.5:7b,principal.value,033444670,033444670,True,2026-09-03T12:29:49.685379+00:00
detail,synthetic_sample_001,ollama/qwen2.5:7b,principal.value,033444670,033444670,True,2026-09-03T13:22:22.427168+00:00
detail,synthetic_sample_002,ollama/qwen2.5:7b,attorney_in_fact.is_handwritten,true,true,True,2026-09-03T12:29:49.685379+00:00
detail,synthetic_sample_002,ollama/qwen2.5:7b,attorney_in_fact.is_handwritten,true,true,True,2026-09-03T13:22:22.427168+00:00
detail,synthetic_sample_002,ollama/qwen2.5:7b,attorney_in_fact.value,119955367,119955367,True,2026-09-03T12:29:49.685379+00:00
detail,synthetic_sample_002,ollama/qwen2.5:7b,attorney_in_fact.value,119955367,119955367,True,2026-09-03T13:22:22.427168+00:00
detail,synthetic_sample_002,ollama/qwen2.5:7b,principal.is_handwritten,false,true,False,2026-09-03T12:29:49.685379+00:00
detail,synthetic_sample_002,ollama/qwen2.5:7b,principal.is_handwritten,false,true,False,2026-09-03T13:22:22.427168+00:00
detail,synthetic_sample_002,ollama/qwen2.5:7b,principal.value,730556255,730556255,True,2026-09-03T12:29:49.685379+00:00
detail,synthetic_sample_002,ollama/qwen2.5:7b,principal.value,730556255,730556255,True,2026-09-03T13:22:22.427168+00:00
detail,synthetic_sample_003,ollama/qwen2.5:7b,attorney_in_fact.is_handwritten,false,false,True,2026-09-03T12:29:49.685379+00:00
detail,synthetic_sample_003,ollama/qwen2.5:7b,attorney_in_fact.is_handwritten,false,false,True,2026-09-03T13:22:22.427168+00:00
detail,synthetic_sample_003,ollama/qwen2.5:7b,attorney_in_fact.value,875833949,875833949,True,2026-09-03T12:29:49.685379+00:00
detail,synthetic_sample_003,ollama/qwen2.5:7b,attorney_in_fact.value,875833949,875833949,True,2026-09-03T13:22:22.427168+00:00
detail,synthetic_sample_003,ollama/qwen2.5:7b,principal.is_handwritten,true,true,True,2026-09-03T12:29:49.685379+00:00
detail,synthetic_sample_003,ollama/qwen2.5:7b,principal.is_handwritten,true,true,True,2026-09-03T13:22:22.427168+00:00
detail,synthetic_sample_003,ollama/qwen2.5:7b,principal.value,826129645,826129645,True,2026-09-03T12:29:49.685379+00:00
detail,synthetic_sample_003,ollama/qwen2.5:7b,principal.value,826129645,826129645,True,2026-09-03T13:22:22.427168+00:00
detail,synthetic_sample_004,ollama/qwen2.5:7b,attorney_in_fact.is_handwritten,true,true,True,2026-09-03T12:29:49.685379+00:00
detail,synthetic_sample_004,ollama/qwen2.5:7b,attorney_in_fact.is_handwritten,true,true,True,2026-09-03T13:22:22.427168+00:00
detail,synthetic_sample_004,ollama/qwen2.5:7b,attorney_in_fact.value,049448145,049448145,True,2026-09-03T12:29:49.685379+00:00
detail,synthetic_sample_004,ollama/qwen2.5:7b,attorney_in_fact.value,049448145,049448145,True,2026-09-03T13:22:22.427168+00:00
detail,synthetic_sample_004,ollama/qwen2.5:7b,principal.is_handwritten,false,true,False,2026-09-03T12:29:49.685379+00:00
detail,synthetic_sample_004,ollama/qwen2.5:7b,principal.is_handwritten,false,true,False,2026-09-03T13:22:22.427168+00:00
detail,synthetic_sample_004,ollama/qwen2.5:7b,principal.value,084967355,084967355,True,2026-09-03T12:29:49.685379+00:00
detail,synthetic_sample_004,ollama/qwen2.5:7b,principal.value,084967355,084967355,True,2026-09-03T13:22:22.427168+00:00
detail,synthetic_sample_005,ollama/qwen2.5:7b,attorney_in_fact.is_handwritten,true,true,True,2026-09-03T12:29:49.685379+00:00
detail,synthetic_sample_005,ollama/qwen2.5:7b,attorney_in_fact.is_handwritten,true,true,True,2026-09-03T13:22:22.427168+00:00
detail,synthetic_sample_005,ollama/qwen2.5:7b,attorney_in_fact.value,497512442,497512442,True,2026-09-03T12:29:49.685379+00:00
detail,synthetic_sample_005,ollama/qwen2.5:7b,attorney_in_fact.value,497512442,497512442,True,2026-09-03T13:22:22.427168+00:00
detail,synthetic_sample_005,ollama/qwen2.5:7b,principal.is_handwritten,false,false,True,2026-09-03T12:29:49.685379+00:00
detail,synthetic_sample_005,ollama/qwen2.5:7b,principal.is_handwritten,false,false,True,2026-09-03T13:22:22.427168+00:00
detail,synthetic_sample_005,ollama/qwen2.5:7b,principal.value,299804799,299804799,True,2026-09-03T12:29:49.685379+00:00
detail,synthetic_sample_005,ollama/qwen2.5:7b,principal.value,299804799,299804799,True,2026-09-03T13:22:22.427168+00:00
detail,synthetic_sample_006,ollama/qwen2.5:7b,attorney_in_fact.is_handwritten,true,true,True,2026-09-03T12:29:49.685379+00:00
detail,synthetic_sample_006,ollama/qwen2.5:7b,attorney_in_fact.is_handwritten,true,true,True,2026-09-03T13:22:22.427168+00:00
detail,synthetic_sample_006,ollama/qwen2.5:7b,attorney_in_fact.value,978087039,978087039,True,2026-09-03T12:29:49.685379+00:00
detail,synthetic_sample_006,ollama/qwen2.5:7b,attorney_in_fact.value,978087039,978087039,True,2026-09-03T13:22:22.427168+00:00
detail,synthetic_sample_006,ollama/qwen2.5:7b,principal.is_handwritten,,false,False,2026-09-03T12:29:49.685379+00:00
detail,synthetic_sample_006,ollama/qwen2.5:7b,principal.is_handwritten,,false,False,2026-09-03T13:22:22.427168+00:00
detail,synthetic_sample_006,ollama/qwen2.5:7b,principal.value,,296204274,False,2026-09-03T12:29:49.685379+00:00
detail,synthetic_sample_006,ollama/qwen2.5:7b,principal.value,,296204274,False,2026-09-03T13:22:22.427168+00:00
detail,synthetic_sample_007,ollama/qwen2.5:7b,attorney_in_fact.is_handwritten,false,false,True,2026-09-03T12:29:49.685379+00:00
detail,synthetic_sample_007,ollama/qwen2.5:7b,attorney_in_fact.is_handwritten,false,false,True,2026-09-03T13:22:22.427168+00:00
detail,synthetic_sample_007,ollama/qwen2.5:7b,attorney_in_fact.value,975195629,975195629,True,2026-09-03T12:29:49.685379+00:00
detail,synthetic_sample_007,ollama/qwen2.5:7b,attorney_in_fact.value,975195629,975195629,True,2026-09-03T13:22:22.427168+00:00
detail,synthetic_sample_007,ollama/qwen2.5:7b,principal.is_handwritten,true,true,True,2026-09-03T12:29:49.685379+00:00
detail,synthetic_sample_007,ollama/qwen2.5:7b,principal.is_handwritten,true,true,True,2026-09-03T13:22:22.427168+00:00
detail,synthetic_sample_007,ollama/qwen2.5:7b,principal.value,073090938,073090938,True,2026-09-03T12:29:49.685379+00:00
detail,synthetic_sample_007,ollama/qwen2.5:7b,principal.value,073090938,073090938,True,2026-09-03T13:22:22.427168+00:00
detail,synthetic_sample_008,ollama/qwen2.5:7b,attorney_in_fact.is_handwritten,true,true,True,2026-09-03T12:29:49.685379+00:00
detail,synthetic_sample_008,ollama/qwen2.5:7b,attorney_in_fact.is_handwritten,true,true,True,2026-09-03T13:22:22.427168+00:00
detail,synthetic_sample_008,ollama/qwen2.5:7b,attorney_in_fact.value,586747644,586747644,True,2026-09-03T12:29:49.685379+00:00
detail,synthetic_sample_008,ollama/qwen2.5:7b,attorney_in_fact.value,586747644,586747644,True,2026-09-03T13:22:22.427168+00:00
detail,synthetic_sample_008,ollama/qwen2.5:7b,principal.is_handwritten,false,,False,2026-09-03T12:29:49.685379+00:00
detail,synthetic_sample_008,ollama/qwen2.5:7b,principal.is_handwritten,false,,False,2026-09-03T13:22:22.427168+00:00
detail,synthetic_sample_008,ollama/qwen2.5:7b,principal.value,,,True,2026-09-03T12:29:49.685379+00:00
detail,synthetic_sample_008,ollama/qwen2.5:7b,principal.value,,,True,2026-09-03T13:22:22.427168+00:00
detail,synthetic_sample_009,ollama/qwen2.5:7b,attorney_in_fact.is_handwritten,true,true,True,2026-09-03T12:29:49.685379+00:00
detail,synthetic_sample_009,ollama/qwen2.5:7b,attorney_in_fact.is_handwritten,true,true,True,2026-09-03T13:22:22.427168+00:00
detail,synthetic_sample_009,ollama/qwen2.5:7b,attorney_in_fact.value,630562635,630562635,True,2026-09-03T12:29:49.685379+00:00
detail,synthetic_sample_009,ollama/qwen2.5:7b,attorney_in_fact.value,630562635,630562635,True,2026-09-03T13:22:22.427168+00:00
detail,synthetic_sample_009,ollama/qwen2.5:7b,principal.is_handwritten,false,false,True,2026-09-03T12:29:49.685379+00:00
detail,synthetic_sample_009,ollama/qwen2.5:7b,principal.is_handwritten,false,false,True,2026-09-03T13:22:22.427168+00:00
detail,synthetic_sample_009,ollama/qwen2.5:7b,principal.value,095575676,095575676,True,2026-09-03T12:29:49.685379+00:00
detail,synthetic_sample_009,ollama/qwen2.5:7b,principal.value,095575676,095575676,True,2026-09-03T13:22:22.427168+00:00
detail,synthetic_sample_010,ollama/qwen2.5:7b,attorney_in_fact.is_handwritten,true,,False,2026-09-03T12:29:49.685379+00:00
detail,synthetic_sample_010,ollama/qwen2.5:7b,attorney_in_fact.is_handwritten,true,,False,2026-09-03T13:22:22.427168+00:00
detail,synthetic_sample_010,ollama/qwen2.5:7b,attorney_in_fact.value,,,True,2026-09-03T12:29:49.685379+00:00
detail,synthetic_sample_010,ollama/qwen2.5:7b,attorney_in_fact.value,,,True,2026-09-03T13:22:22.427168+00:00
detail,synthetic_sample_010,ollama/qwen2.5:7b,principal.is_handwritten,false,,False,2026-09-03T12:29:49.685379+00:00
detail,synthetic_sample_010,ollama/qwen2.5:7b,principal.is_handwritten,false,,False,2026-09-03T13:22:22.427168+00:00
detail,synthetic_sample_010,ollama/qwen2.5:7b,principal.value,,,True,2026-09-03T12:29:49.685379+00:00
detail,synthetic_sample_010,ollama/qwen2.5:7b,principal.value,,,True,2026-09-03T13:22:22.427168+00:00
detail,synthetic_sample_011,ollama/qwen2.5:7b,attorney_in_fact.is_handwritten,false,false,True,2026-09-03T12:29:49.685379+00:00
detail,synthetic_sample_011,ollama/qwen2.5:7b,attorney_in_fact.is_handwritten,false,false,True,2026-09-03T13:22:22.427168+00:00
detail,synthetic_sample_011,ollama/qwen2.5:7b,attorney_in_fact.value,748970639,748970639,True,2026-09-03T12:29:49.685379+00:00
detail,synthetic_sample_011,ollama/qwen2.5:7b,attorney_in_fact.value,748970639,748970639,True,2026-09-03T13:22:22.427168+00:00
detail,synthetic_sample_011,ollama/qwen2.5:7b,principal.is_handwritten,true,true,True,2026-09-03T12:29:49.685379+00:00
detail,synthetic_sample_011,ollama/qwen2.5:7b,principal.is_handwritten,true,true,True,2026-09-03T13:22:22.427168+00:00
detail,synthetic_sample_011,ollama/qwen2.5:7b,principal.value,823191077,823191077,True,2026-09-03T12:29:49.685379+00:00
detail,synthetic_sample_011,ollama/qwen2.5:7b,principal.value,823191077,823191077,True,2026-09-03T13:22:22.427168+00:00
detail,synthetic_sample_012,ollama/qwen2.5:7b,attorney_in_fact.is_handwritten,false,false,True,2026-09-03T12:29:49.685379+00:00
detail,synthetic_sample_012,ollama/qwen2.5:7b,attorney_in_fact.is_handwritten,false,false,True,2026-09-03T13:22:22.427168+00:00
detail,synthetic_sample_012,ollama/qwen2.5:7b,attorney_in_fact.value,908148034,908148034,True,2026-09-03T12:29:49.685379+00:00
detail,synthetic_sample_012,ollama/qwen2.5:7b,attorney_in_fact.value,908148034,908148034,True,2026-09-03T13:22:22.427168+00:00
detail,synthetic_sample_012,ollama/qwen2.5:7b,principal.is_handwritten,false,false,True,2026-09-03T12:29:49.685379+00:00
detail,synthetic_sample_012,ollama/qwen2.5:7b,principal.is_handwritten,false,false,True,2026-09-03T13:22:22.427168+00:00
detail,synthetic_sample_012,ollama/qwen2.5:7b,principal.value,912393162,912393162,True,2026-09-03T12:29:49.685379+00:00
detail,synthetic_sample_012,ollama/qwen2.5:7b,principal.value,912393162,912393162,True,2026-09-03T13:22:22.427168+00:00
detail,synthetic_sample_013,ollama/qwen2.5:7b,attorney_in_fact.is_handwritten,true,,False,2026-09-03T12:29:49.685379+00:00
detail,synthetic_sample_013,ollama/qwen2.5:7b,attorney_in_fact.is_handwritten,true,,False,2026-09-03T13:22:22.427168+00:00
detail,synthetic_sample_013,ollama/qwen2.5:7b,attorney_in_fact.value,,,True,2026-09-03T12:29:49.685379+00:00
detail,synthetic_sample_013,ollama/qwen2.5:7b,attorney_in_fact.value,,,True,2026-09-03T13:22:22.427168+00:00
detail,synthetic_sample_013,ollama/qwen2.5:7b,principal.is_handwritten,,false,False,2026-09-03T12:29:49.685379+00:00
detail,synthetic_sample_013,ollama/qwen2.5:7b,principal.is_handwritten,,false,False,2026-09-03T13:22:22.427168+00:00
detail,synthetic_sample_013,ollama/qwen2.5:7b,principal.value,,917002248,False,2026-09-03T12:29:49.685379+00:00
detail,synthetic_sample_013,ollama/qwen2.5:7b,principal.value,,917002248,False,2026-09-03T13:22:22.427168+00:00
detail,synthetic_sample_014,ollama/qwen2.5:7b,attorney_in_fact.is_handwritten,,false,False,2026-09-03T12:29:49.685379+00:00
detail,synthetic_sample_014,ollama/qwen2.5:7b,attorney_in_fact.is_handwritten,,false,False,2026-09-03T13:22:22.427168+00:00
detail,synthetic_sample_014,ollama/qwen2.5:7b,attorney_in_fact.value,,160515581,False,2026-09-03T12:29:49.685379+00:00
detail,synthetic_sample_014,ollama/qwen2.5:7b,attorney_in_fact.value,,160515581,False,2026-09-03T13:22:22.427168+00:00
detail,synthetic_sample_014,ollama/qwen2.5:7b,principal.is_handwritten,false,false,True,2026-09-03T12:29:49.685379+00:00
detail,synthetic_sample_014,ollama/qwen2.5:7b,principal.is_handwritten,false,false,True,2026-09-03T13:22:22.427168+00:00
detail,synthetic_sample_014,ollama/qwen2.5:7b,principal.value,051397867,051397867,True,2026-09-03T12:29:49.685379+00:00
detail,synthetic_sample_014,ollama/qwen2.5:7b,principal.value,051397867,051397867,True,2026-09-03T13:22:22.427168+00:00
detail,synthetic_sample_015,ollama/qwen2.5:7b,attorney_in_fact.is_handwritten,,false,False,2026-09-03T12:29:49.685379+00:00
detail,synthetic_sample_015,ollama/qwen2.5:7b,attorney_in_fact.is_handwritten,,false,False,2026-09-03T13:22:22.427168+00:00
detail,synthetic_sample_015,ollama/qwen2.5:7b,attorney_in_fact.value,,204974943,False,2026-09-03T12:29:49.685379+00:00
detail,synthetic_sample_015,ollama/qwen2.5:7b,attorney_in_fact.value,,204974943,False,2026-09-03T13:22:22.427168+00:00
detail,synthetic_sample_015,ollama/qwen2.5:7b,principal.is_handwritten,false,,False,2026-09-03T12:29:49.685379+00:00
detail,synthetic_sample_015,ollama/qwen2.5:7b,principal.is_handwritten,false,,False,2026-09-03T13:22:22.427168+00:00
detail,synthetic_sample_015,ollama/qwen2.5:7b,principal.value,,,True,2026-09-03T12:29:49.685379+00:00
detail,synthetic_sample_015,ollama/qwen2.5:7b,principal.value,,,True,2026-09-03T13:22:22.427168+00:00
detail,synthetic_sample_016,ollama/qwen2.5:7b,attorney_in_fact.is_handwritten,true,true,True,2026-09-03T12:29:49.685379+00:00
detail,synthetic_sample_016,ollama/qwen2.5:7b,attorney_in_fact.is_handwritten,true,true,True,2026-09-03T13:22:22.427168+00:00
detail,synthetic_sample_016,ollama/qwen2.5:7b,attorney_in_fact.value,825615651,825615651,True,2026-09-03T12:29:49.685379+00:00
detail,synthetic_sample_016,ollama/qwen2.5:7b,attorney_in_fact.value,825615651,825615651,True,2026-09-03T13:22:22.427168+00:00
detail,synthetic_sample_016,ollama/qwen2.5:7b,principal.is_handwritten,false,false,True,2026-09-03T12:29:49.685379+00:00
detail,synthetic_sample_016,ollama/qwen2.5:7b,principal.is_handwritten,false,false,True,2026-09-03T13:22:22.427168+00:00
detail,synthetic_sample_016,ollama/qwen2.5:7b,principal.value,055883292,055883292,True,2026-09-03T12:29:49.685379+00:00
detail,synthetic_sample_016,ollama/qwen2.5:7b,principal.value,055883292,055883292,True,2026-09-03T13:22:22.427168+00:00
detail,synthetic_sample_017,ollama/qwen2.5:7b,attorney_in_fact.is_handwritten,true,true,True,2026-09-03T12:29:49.685379+00:00
detail,synthetic_sample_017,ollama/qwen2.5:7b,attorney_in_fact.is_handwritten,true,true,True,2026-09-03T13:22:22.427168+00:00
detail,synthetic_sample_017,ollama/qwen2.5:7b,attorney_in_fact.value,096798897,096798897,True,2026-09-03T12:29:49.685379+00:00
detail,synthetic_sample_017,ollama/qwen2.5:7b,attorney_in_fact.value,096798897,096798897,True,2026-09-03T13:22:22.427168+00:00
detail,synthetic_sample_017,ollama/qwen2.5:7b,principal.is_handwritten,false,false,True,2026-09-03T12:29:49.685379+00:00
detail,synthetic_sample_017,ollama/qwen2.5:7b,principal.is_handwritten,false,false,True,2026-09-03T13:22:22.427168+00:00
detail,synthetic_sample_017,ollama/qwen2.5:7b,principal.value,075236851,075236851,True,2026-09-03T12:29:49.685379+00:00
detail,synthetic_sample_017,ollama/qwen2.5:7b,principal.value,075236851,075236851,True,2026-09-03T13:22:22.427168+00:00
detail,synthetic_sample_018,ollama/qwen2.5:7b,attorney_in_fact.is_handwritten,,false,False,2026-09-03T12:29:49.685379+00:00
detail,synthetic_sample_018,ollama/qwen2.5:7b,attorney_in_fact.is_handwritten,,false,False,2026-09-03T13:22:22.427168+00:00
detail,synthetic_sample_018,ollama/qwen2.5:7b,attorney_in_fact.value,,303815526,False,2026-09-03T12:29:49.685379+00:00
detail,synthetic_sample_018,ollama/qwen2.5:7b,attorney_in_fact.value,,303815526,False,2026-09-03T13:22:22.427168+00:00
detail,synthetic_sample_018,ollama/qwen2.5:7b,principal.is_handwritten,true,true,True,2026-09-03T12:29:49.685379+00:00
detail,synthetic_sample_018,ollama/qwen2.5:7b,principal.is_handwritten,true,true,True,2026-09-03T13:22:22.427168+00:00
detail,synthetic_sample_018,ollama/qwen2.5:7b,principal.value,069178978,069178978,True,2026-09-03T12:29:49.685379+00:00
detail,synthetic_sample_018,ollama/qwen2.5:7b,principal.value,069178978,069178978,True,2026-09-03T13:22:22.427168+00:00
detail,synthetic_sample_019,ollama/qwen2.5:7b,attorney_in_fact.is_handwritten,false,false,True,2026-09-03T12:29:49.685379+00:00
detail,synthetic_sample_019,ollama/qwen2.5:7b,attorney_in_fact.is_handwritten,false,false,True,2026-09-03T13:22:22.427168+00:00
detail,synthetic_sample_019,ollama/qwen2.5:7b,attorney_in_fact.value,283505121,283505121,True,2026-09-03T12:29:49.685379+00:00
detail,synthetic_sample_019,ollama/qwen2.5:7b,attorney_in_fact.value,283505121,283505121,True,2026-09-03T13:22:22.427168+00:00
detail,synthetic_sample_019,ollama/qwen2.5:7b,principal.is_handwritten,false,false,True,2026-09-03T12:29:49.685379+00:00
detail,synthetic_sample_019,ollama/qwen2.5:7b,principal.is_handwritten,false,false,True,2026-09-03T13:22:22.427168+00:00
detail,synthetic_sample_019,ollama/qwen2.5:7b,principal.value,029527397,029527397,True,2026-09-03T12:29:49.685379+00:00
detail,synthetic_sample_019,ollama/qwen2.5:7b,principal.value,029527397,029527397,True,2026-09-03T13:22:22.427168+00:00
summary,_SUMMARY,ollama/gemma4:e4b,principal.value,113,27,False,2026-09-03T13:22:22.442166+00:00
summary,_SUMMARY,ollama/gemma4:e4b,principal.is_handwritten,90,50,False,2026-09-03T13:22:22.442166+00:00
summary,_SUMMARY,ollama/gemma4:e4b,attorney_in_fact.value,107,33,False,2026-09-03T13:22:22.442166+00:00
summary,_SUMMARY,ollama/gemma4:e4b,attorney_in_fact.is_handwritten,110,30,False,2026-09-03T13:22:22.442166+00:00
summary,_SUMMARY,ollama/llama3.1,principal.value,32,8,False,2026-09-03T13:22:22.442166+00:00
summary,_SUMMARY,ollama/llama3.1,principal.is_handwritten,26,14,False,2026-09-03T13:22:22.442166+00:00
summary,_SUMMARY,ollama/llama3.1,attorney_in_fact.value,34,6,False,2026-09-03T13:22:22.442166+00:00
summary,_SUMMARY,ollama/llama3.1,attorney_in_fact.is_handwritten,32,8,False,2026-09-03T13:22:22.442166+00:00
summary,_SUMMARY,ollama/qwen2.5:7b,principal.value,36,4,False,2026-09-03T13:22:22.442166+00:00
summary,_SUMMARY,ollama/qwen2.5:7b,principal.is_handwritten,26,14,False,2026-09-03T13:22:22.442166+00:00
summary,_SUMMARY,ollama/qwen2.5:7b,attorney_in_fact.value,34,6,False,2026-09-03T13:22:22.442166+00:00
summary,_SUMMARY,ollama/qwen2.5:7b,attorney_in_fact.is_handwritten,30,10,False,2026-09-03T13:22:22.442166+00:00
